pID,CS_Type,Connection 1,Connection 2,Connection 3,Connection 4,Connection 5,Connection 6,Connection 7,Connection 8,Connection 9,Connection 10,Connection 11,Connection 12,Connection 13,Connection 14,Connection 15,Connection 16,Connection 17,Connection 18,Connection 19,Connection 20,Connection 21,Connection 22,Connection 23,Connection 24,Connection 25,Connection 26,Connection 27,Connection 28,Connection 29,Connection 30
1,CSm,-0.6430401511,-0.02250183739,-0.2186679731,0.01320194905,0.3627408823,-0.4771885369,-0.1624296376,0.06192244783,-0.1091565627,-0.4910715587,-0.2851597633,-3.068587023,-0.4585494538,0.1142710495,1.175253703,-0.4495554892,0.1680662939,-0.06725359663,0.1060738351,0.3729042774,0.01178471595,-0.1007695508,0.005098316127,0.05394739866,0.4323233967,0.2724711856,-0.5045728576,0.07121914362,0.1755048133,0.4759776437
2,CSm,0.1651795677,-0.1354554649,-0.1500802181,0.4706352484,0.2651152846,0.1094747889,0.01817439341,-0.05461404904,0.07374650257,0.2478520454,-3.054908091,0.7137783506,1.132877514,-1.591430303,-3.266516999,-1.588923056,-0.3566815144,0.5092415099,-1.343935195,-2.272337199,0.2785666357,0.07364402626,-0.0417782184,-0.07373015653,0.55609869,0.09459985493,0.09538752534,-0.05395701871,-0.08520686538,0.3133896704
3,CSm,-0.03877194817,-0.07164451794,-0.105945106,-0.1588215534,0.3362573984,-0.0112170146,-0.01924119531,0.04789251064,0.2967256152,0.02896060661,-0.2843365178,-0.1676726306,0.1526688852,1.235863563,-0.103439387,-0.199222121,0.2634618736,0.0582979566,0.6335653021,-0.02480697538,-0.07664938256,0.2802384964,0.1044737938,0.1115403734,0.368375202,0.1250322083,0.02749632041,-0.01159873291,-0.006935735776,0.2933355514
4,CSm,0.6626738726,-0.06776110623,-0.3481974449,0.5035188032,0.2016500454,0.4522956828,0.2022811949,-0.02132719923,0.5318594816,0.3241148238,-0.2756342853,0.9474795986,1.057145194,0.5412091212,0.4349837508,-0.5308873006,-0.03643572633,0.4371051736,0.1018758131,0.04747144617,0.1218627501,0.2550043995,0.05030789103,0.0205780163,1.016159455,0.01692855563,0.1155818676,0.03181893445,0.007166207807,0.7620678462
5,CSm,0.1827682374,-0.07137179914,0.239258581,0.1423533638,0.1749883947,0.2714919405,-0.04718517177,-0.03163409857,0.655835061,0.5863151292,-0.8969116379,-0.4106379378,-0.5617207089,1.323066143,1.700049296,2.139926047,-0.1626574666,-0.4202660092,0.5567048834,-0.5887821157,0.1196007676,0.3839672266,0.08411013355,0.0585648241,0.6465994204,0.1456064275,0.3085293057,0.1005853769,-0.0527948938,0.6212291237
6,CSm,0.4666772848,0.04700584941,-0.002977269665,1.055413106,1.146621326,0.3798020704,-0.09194626994,0.1510930604,0.9433083089,1.042700583,0.2959658736,-1.181943049,-0.1699136209,-0.3386615728,0.5869875423,-0.0007917861934,0.3061999058,-0.02568510842,0.1457544016,1.094460377,0.3624114927,0.3907637887,0.004687829658,0.03475834965,1.210624692,0.1941174481,0.2154820135,0.0153188302,0.1197443308,0.5937362852
7,CSm,1.155000983,0.4303476153,0.5433634339,0.7157355451,1.211754864,0.7443506227,0.2102564444,0.3897347816,0.3606148141,0.9686971032,1.308745738,0.9628722875,0.6356029809,1.737546981,2.206880812,0.9420485857,1.005449811,0.4134185772,0.4133656353,1.727866925,0.4305432714,0.3344902822,0.3514501632,0.14261466,0.6765263844,0.349438323,0.4284128997,0.2217172447,0.3026040446,0.2842130431
8,CSm,0.436021979,-0.04829672163,0.1774511243,-0.04017612936,-0.04256363892,0.7761674859,0.1406969826,-0.1532230253,0.1929311442,0.4288263282,-0.2242413584,0.3000669797,0.1390299022,0.1879663529,0.06245635999,0.5488994823,-0.2847579418,0.1064306783,0.08375703034,-0.02754702933,-0.01094895508,0.03349883724,0.02949267681,0.01559697077,0.8002240925,-0.01080859115,0.07000983008,0.008598388393,-0.00251830909,0.5533303088
9,CSm,0.8805749544,0.1786136065,0.3095823525,0.2130016678,0.7013356772,0.3412149864,0.04941533099,-0.0180727275,0.08273037862,0.06922998849,2.086527432,1.469419059,0.6602562962,-1.036717579,-0.4186911267,1.452481199,-0.1207771641,0.2380984662,0.2828792237,1.752661365,0.1416997572,0.1677455173,-0.07196768814,0.03898869873,0.8969159232,0.1036599953,0.04168630587,-0.01021842376,0.05565191588,0.1967061197
10,CSm,0.02155515381,-0.2163994732,-0.01501138404,0.5542067315,-0.4496451669,0.007397028493,-0.05305619742,-0.03073464687,-0.01564540205,-0.02923859814,-1.048654961,-0.2876769537,-0.2755317981,0.9498886743,1.3888284,-0.2077482126,-0.2318966661,-0.3129091744,-0.2586967864,-2.231237751,0.1453406859,-0.01593956925,0.06099645482,-0.0189705826,0.6058636512,-0.1038966856,-0.007708053079,0.06338174247,-0.09816234568,0.5562620191
11,CSm,0.4092077457,-0.09057939321,0.1730807172,0.3034618032,0.2905059921,0.6221432178,-0.04436494626,0.05222929227,0.3461769454,0.3934615962,-1.257939974,-0.4252269256,0.03457492584,0.6330333472,0.8281319765,0.5621035002,0.09746302936,0.0011277844,-0.4317505297,0.2045712136,0.3259939725,0.1948096984,0.05944495437,-0.1247937244,0.8246157454,0.2712550872,0.1982118926,0.06175179813,0.0494253844,0.728765193
12,CSm,0.3643382701,-0.0993093628,0.149735622,0.5214268321,0.485982101,0.6561095894,-0.02585471219,0.2319541307,0.4082827581,0.6719428814,-1.295188326,-0.1749279084,-0.1991679101,0.8836564123,0.9741321857,1.77505394,1.534515218,-0.1701800023,0.4637440068,0.7265502394,0.5561218227,0.2500483347,0.06487087265,0.0444123992,0.9689676006,0.3193036084,0.2560936723,0.04337407376,0.04665075296,0.6488373592
13,CSm,0.03705729414,0.01415405427,-0.03379278372,0.5704112712,1.456052894,-0.1936443265,0.0632230189,0.09237987363,-0.05265277077,0.7118978426,-0.001067732964,0.4112396494,-0.4938291518,-0.4723005486,0.8017215193,-0.1586169654,0.9190734483,-0.429249958,0.3520909464,0.006847514061,0.3976734733,0.1572642688,-0.07507168212,0.05426955344,1.2609581,0.2330216342,0.3078139042,0.05286861711,-0.01874374138,0.2434115365
14,CSm,0.4240542452,0.02217718069,0.003560872245,0.4249044432,0.02638810307,0.4242364404,-0.0603108929,0.1168246233,0.3417924548,0.1475727576,0.09900323833,-0.391155067,0.3478928249,1.152766912,1.091831408,0.01199729124,0.8743699348,0.4861381097,1.725729277,1.449954383,0.4259789741,0.3477482785,0.237429121,0.2412527196,0.5988273691,0.02940538436,0.1589045337,0.2356805754,0.2227839159,0.6247303192
15,CSm,0.3501495889,-0.3989258792,-0.3756099032,-0.4047696029,-0.6171316075,0.2495710556,-0.176676946,-0.09124507519,0.2137606581,0.2723570778,-2.577395837,-1.040698481,1.114563466,1.087420625,1.703281129,-1.521097051,-0.01429725118,0.877579195,1.36807409,2.181003965,-0.4526201628,0.3016720973,0.135626341,0.2158484118,1.118346065,-0.4199948541,0.3025177944,0.1517890665,0.2477318492,0.7882281426
16,CSm,0.6270173514,-0.04728246937,-0.07762146917,0.255854233,0.2559192969,0.5344747152,0.01847697226,0.1266013311,0.6713535772,0.5940524168,-0.3383294808,0.1090690984,1.355361644,0.9768471241,-0.01717682764,-0.218843175,0.3621447052,0.595966619,0.9192048471,0.346471742,0.1721309453,0.6080846313,0.1422991615,0.2984809582,0.7545098012,0.264528149,0.6982073687,0.007266946268,0.1548034767,0.9912099665
17,CSm,0.08773348272,0.1727937489,0.04511103325,0.4255114593,0.8410499765,0.106559121,-0.0005511174323,0.09426605806,0.6329011387,0.424398675,1.419151723,-0.007933488425,0.4423456257,-1.619880145,0.2836540377,0.3165646663,0.6772615873,0.3202181737,-0.07297115091,1.082834987,0.2161396726,0.3600411665,-0.09444232842,-0.007760230238,0.6816966539,0.4534062436,0.250574141,0.01388580385,0.08482131464,0.6639795923
18,CSm,0.1766252139,0.08440895391,0.03115515371,0.1635975463,0.4740439194,0.15348542,-0.001143202682,0.08528438077,0.4038154793,0.06892818952,0.7382122574,-0.01936515031,0.06238627266,-1.651465594,0.1165389937,0.1407968071,0.551693783,-0.0004148037777,1.185859182,0.8521509273,0.0711578648,0.1979498986,-0.08803903772,0.09280573451,0.4728277175,0.3361435037,0.05993570929,0.005332163948,0.1136634421,0.7966756977
19,CSm,-0.7686096368,0.07713203485,0.2619074243,0.920157117,1.050138399,-0.4214928321,-0.01663471881,-0.09262115106,-0.1545188521,-0.6530579005,0.9145833455,-0.342468759,0.5410030197,-0.9046858655,-0.3368988736,0.982083236,-0.6033127175,0.1968263333,1.34089377,1.116507216,0.4560548088,-0.1360921942,-0.03850650273,0.1842914012,0.9935433435,0.2621696288,-0.2967448142,-0.007353495858,0.0715379147,0.4493979594
20,CSm,1.073029969,-0.2804881011,0.1635675581,0.6362422287,0.5172158793,0.6269800989,-0.1510111686,0.10572227,0.1493626381,0.6290876806,-0.6043828179,-0.4354837509,0.1178371909,-0.5194883144,-1.491374193,0.2715402843,0.2643033429,0.06392454552,-0.3284940287,-1.504788156,0.1857348535,0.08190078643,-0.1093285554,-0.0613321783,0.3601149123,0.1528414841,0.2995077275,-0.2007847317,-0.2485736225,0.4429618767
21,CSm,0.2908713023,0.06790868098,0.08665077701,0.5710150938,0.9671397674,0.1401185687,-0.02155340643,-0.07128624827,0.126940498,0.3004228398,0.6755612835,-0.2721219217,0.4027563389,0.5178438865,-1.320420786,1.025237718,-1.035606548,0.5908992745,0.8577941515,-1.629324362,0.3910923798,0.1901456818,0.04089099519,0.04618830676,0.9013687237,0.3347110363,0.1639756928,-0.04914258078,-0.04921938419,0.3752236223
22,CSm,0.9724624758,-0.07716340122,0.06898981538,0.6891616164,1.996758389,0.5491431471,0.05306040979,0.08246041453,0.3985011372,0.5654885863,-0.5598327148,0.6919342961,0.3320499851,0.1844974185,0.3055469058,-0.002004848573,0.1269683154,0.04209147123,0.5277255645,-0.849906985,0.09429263024,0.08725305421,0.0163091734,0.05064551192,0.2355744933,0.2589342234,0.1027587815,-0.001623830511,-0.14997837,0.3512743666
23,CSm,-0.06395792891,-0.1050503592,0.08315375584,-0.1591136223,-0.1134274041,-0.06415369233,-0.08842029534,0.05702917455,0.01214735719,-0.1790061896,-0.3823145359,-0.7578335809,0.5150934582,1.612144874,0.3540797618,0.355863759,0.5528815129,0.6025273994,1.553972264,0.4128203434,-0.07891904185,0.01314492873,0.1627253769,0.1335310796,0.6894530622,-0.03164882397,-0.06898822218,0.009450253811,0.0097054417,0.2621271339
24,CSm,-0.147483266,0.05211968274,0.02879541089,0.1601477369,0.6817550257,-0.1133517826,-0.01806355644,-0.0631022676,0.08658738547,0.429598673,0.5732058208,-0.2942406519,0.2987762526,2.247718166,2.874955621,0.250922442,-1.037442209,0.2303886957,-0.8186404871,-1.221782603,0.0727552335,0.1127681728,0.09242301452,-0.04168618989,0.617748218,0.2495006104,0.3096908116,0.08827853318,-0.04885126655,0.5266196106
25,CSm,0.6012504395,0.1329767434,-0.130804776,0.2151900975,-0.09420422753,0.2512724169,0.2238760909,0.0525207831,0.06068717662,-0.2146723975,0.3939263228,1.504067462,0.2242607775,1.611143353,1.580179336,-0.3708799074,0.3306474843,0.2618387096,1.438804085,0.71984188,0.0432773332,0.01924898192,0.139078547,0.1180746977,0.6120316271,-0.02672587311,-0.1329103654,0.1357877991,0.05532180064,0.6522416988
26,CSm,0.8751670764,0.03828007836,-0.1376373795,0.137961746,0.2997820508,0.3410557405,0.03099280129,0.07045412585,0.298695007,0.3533419267,0.1509794344,0.391550758,0.1693231384,0.9184986354,1.272409196,-0.7659226842,0.9008232928,0.1931548189,1.759101385,1.47689301,0.2606126745,1.083029049,0.2528123831,0.4578561768,1.09698101,0.3303601865,0.9235388905,0.2443066331,0.2896051443,0.7696727982
27,CSm,0.8221577995,0.01951668428,0.03362661797,0.5979233802,1.229578861,0.2869075875,0.03278033722,-0.0420714653,0.3070115324,0.4644880126,0.3051752102,1.323304214,-0.0002488403915,0.4136899021,1.878808758,0.1190756106,-0.238586551,0.01400382787,-0.2899692075,-0.02394726828,0.5493551733,0.8161930413,0.02827240013,-0.07560677446,1.385938094,0.4899777381,0.5271622434,0.04741610445,-0.004922009598,0.5863195861
28,CSm,0.565508355,0.1273107582,0.09468193164,0.3882431381,0.5624170635,0.2086749101,0.08285600228,-0.0278952362,0.4288693182,0.2475989182,0.5730636015,0.7524330991,-0.2794812471,0.5506010921,0.6180666924,0.4558393713,-0.1094813125,-0.3107873749,-0.3245620316,-0.3529874569,0.2041129921,0.5699368557,0.07067654495,-0.04947498651,0.5342854273,0.2661965111,0.3006242259,0.0688023277,-0.0333367654,0.4590541106
29,CSm,0.7813561254,0.09627143906,0.150500708,-0.2309298893,-0.07445105467,0.6217623341,0.1357031447,0.1595040891,0.06406310992,0.06662686968,0.6641454354,1.065539424,1.24283666,1.052989735,1.468364124,0.5015272617,0.6661697217,0.5886978221,0.8971081589,1.123448454,-0.3197841316,0.334672942,0.4423724214,0.7958919447,1.16691038,0.03767683727,0.3194686523,0.4298611443,0.7036000241,0.8237172711
1,CSpACQ,0.828517908,0.3227102858,-0.2478091249,-0.1874141519,0.6131775361,0.3012628874,0.01207408301,0.1067101737,0.5334969699,0.7434242647,1.524251808,0.1524279338,-0.8951699723,-0.7360515788,0.329698782,-0.2304066384,0.2051595818,-0.1647052225,-0.8074621582,-0.735010793,-0.04487323274,0.3692289194,-0.04025265526,-0.2297230236,0.6154424492,0.1580847396,0.5069560248,0.0225799097,-0.1809830867,0.6517228874
2,CSpACQ,-0.2387131896,-0.02274868243,-0.3499242521,-0.669269596,-0.5974638251,-0.2364629237,-0.01366138188,-0.03283231801,0.2834374252,0.4601082926,-0.2001755479,-0.1602074903,0.03558036876,-0.2623972097,1.42042512,-1.589292613,-0.192698038,0.00878279801,-0.6999610687,0.5334245898,-0.2977725225,0.1371595573,-0.009761671045,-0.06361740022,0.8926144862,-0.2069735547,0.1497834475,0.05021517748,0.03999477509,0.5878616729
3,CSpACQ,0.3226184241,-0.03780398639,0.04169462777,0.530753583,0.2626088194,0.4322561607,0.2486506394,0.2243639239,0.6036520735,1.223454172,-0.2789364597,1.336111903,0.68511436,1.155554301,2.56663965,0.2560152324,0.897600085,0.5247877863,1.560696716,1.997567245,0.3172835468,0.2866817585,0.09742182406,0.1742693042,1.037629928,0.08832410368,0.3335991568,0.1303772252,0.1298453874,0.6211348765
4,CSpACQ,-0.2013764875,0.007170101381,-0.1557639312,0.2118289842,0.3550713873,-0.1469031372,0.06970450401,-0.2940838898,-0.5864423882,0.3852133885,0.02114567463,0.4762497081,0.1325061647,0.9589651719,1.586598618,-0.2152387836,-0.7503636795,0.001307600633,-0.3810124512,-0.8888237715,0.002420422684,-0.3373491322,0.06126280977,-0.07795231277,0.4811911269,0.02407525686,0.11201536,0.07413636637,-0.1160687051,0.2965035625
5,CSpACQ,0.3447063179,0.07327585412,-0.08732130364,0.9152373869,0.6392661179,0.2354344674,0.06676839225,-0.2222306747,0.4940508483,0.344015222,0.3760856766,0.5309636136,0.130250877,1.407305215,1.021153333,-0.1598718359,-0.6174955199,0.03996645263,0.001679485241,-0.1839792736,0.5083771743,0.4010541783,0.1417602899,-0.003495054006,0.8284276442,0.2532578004,0.1958437543,0.07287790128,-0.04478892714,0.6068839405
6,CSpACQ,-0.4237402787,-0.008270213577,0.1295836341,0.09666892654,0.3880596815,-0.5218200703,-0.03295504053,-0.001687545641,0.5216435188,0.5207278466,-0.6169792464,-1.549562992,-0.2805231655,2.42007082,1.202078525,1.050776833,-0.036012321,-0.04616024523,1.508813224,3.098269805,0.01157596391,0.2611246598,0.02451443037,0.100012593,0.8812868028,0.1240749903,0.18023404,0.008639044343,0.1335772725,0.6162528312
7,CSpACQ,1.172033722,0.2673416536,-0.0007976017373,1.660370586,1.244114838,0.8708581822,0.2158940563,-0.2731602413,1.42389624,1.122400976,0.4136931976,0.4481326632,0.4148513516,1.492601528,1.083674679,0.0100455177,-0.2359640943,0.2216759449,-0.3732250024,0.1497451465,0.456804789,0.5200844594,0.2599010773,-0.1495876106,0.6557842406,0.4818951347,0.5835842153,0.2600324643,0.1050752055,0.9679403906
8,CSpACQ,0.1937031802,0.01061747753,-0.05182417882,0.3565097118,0.3477680277,0.7793517893,0.1276857884,0.2545300259,0.6153636555,0.3499286542,0.07479115107,0.7638163067,-0.2625711665,0.9530181478,1.43437482,-0.3954254869,0.5910753612,-0.1035685376,0.3475642863,0.2986202598,0.8681166728,0.3624950449,0.09115530355,0.08527407886,0.9401985656,0.7741916342,0.1838424976,0.123892746,0.06667603466,0.8486475182
9,CSpACQ,-0.03819630371,-0.1999957389,0.2686146107,0.7892264776,1.058649183,-0.03087510038,-0.1737423289,-0.3254896104,0.2916817009,0.1488426265,-0.5273078478,-0.7805147752,0.1624011976,0.5837220496,0.08186149123,0.2127549288,-0.6203714515,-0.08294365523,0.5352615179,0.5912080822,0.1847283364,0.104057359,0.03373526452,0.1589635734,0.6685984536,0.1708657089,0.02730210774,-0.006884156675,0.1129746603,0.4418661858
10,CSpACQ,-0.1223037195,-0.1265803055,-0.09988738896,0.2241741457,0.503514213,-0.08895063831,-0.02008210021,-0.06333984365,-0.2661075171,-0.1523611038,-1.263947763,-0.2603978605,0.167432306,-0.2303143836,0.4464432264,-0.8114925009,-0.5656904698,0.1845981512,1.643856935,4.408398672,0.1883280115,-0.2007324999,-0.02456075717,0.1411415469,1.234038454,0.1100226138,-0.07345480164,0.008874370368,0.1263227037,0.3130819399
11,CSpACQ,0.3435663508,-0.0462537763,0.003052843133,0.08686035913,0.4237557082,0.2409076876,-0.0078766585,-0.07870816229,0.6449518728,0.5746703318,-0.186884816,-0.04199266854,-0.1630536097,0.8649250707,0.02953005537,-0.004508845416,-0.3875504533,-0.1158289751,0.5652428382,1.191774814,0.03091831017,0.5791329759,0.1282644851,0.1196866116,0.9390263998,0.2104609003,0.4189947046,0.004473688893,0.2043625839,0.7667463565
12,CSpACQ,0.5986852372,0.06404119554,0.1239970579,0.6560488919,0.5084283853,0.6468904301,-0.1129636226,-0.1433816547,0.4085103545,0.2763504307,0.3756252094,-0.6274976298,0.07689298341,-0.4355178488,-1.39900186,0.5235980197,-0.5285392276,0.07082608804,0.1685138197,0.09109211502,0.6530487519,0.3676129158,-0.07176665195,0.04946449731,1.169287827,0.2687891218,0.150307288,-0.1180452306,0.0281469757,0.6523768761
13,CSpACQ,0.4328112986,0.1267677522,-0.01572235478,0.6288877653,0.7336696042,0.2195074133,0.1417844757,0.06813298674,0.5486486653,1.639567427,0.3855906551,0.6172213601,0.185140535,0.8782976899,0.5611910245,-0.1053202366,0.1578042367,0.09583714352,0.9482256516,1.234014619,0.1225087633,0.2139783699,0.08890702213,0.1561756944,1.005315658,0.006127917275,0.2566810085,0.02063769465,0.07886621303,0.3344333187
14,CSpACQ,0.5365339302,-0.0546633433,-0.3241927318,0.1126497279,0.08132827241,0.4644285581,-0.04978782082,-0.1921657772,0.2952311328,0.1173434784,-0.9028684362,-0.9282881408,0.7373066171,1.013827589,2.764180572,-2.174983695,-1.412318605,0.245854869,-0.143413796,0.907043565,0.1045825849,0.3012845552,0.0436407225,-0.01396721258,0.3600861632,0.06181733514,0.1294234886,0.1463926895,0.126372256,0.3388277308
15,CSpACQ,0.727276968,-0.03025247183,-0.2249645257,0.7219718651,0.7796390534,0.3464648698,-0.07892066229,-0.3844485275,0.3685847551,0.594195198,-0.1423821542,-0.4562763487,-0.125353392,-0.616329093,-0.8813847258,-0.7111475849,-1.858314083,-0.1401675148,-2.279501593,-2.199563274,-0.01032217649,-0.01110673304,-0.06448385359,-0.1813420037,0.3019994436,0.3720450357,0.5343048479,-0.1238998498,-0.3926374931,1.291775297
16,CSpACQ,0.3756887144,0.0428907553,0.1213058964,0.2258974546,0.4151707769,0.8099039513,0.2554368766,0.3647335653,0.4770204609,0.4301118443,0.7650281642,2.501445246,1.113959572,0.8567592699,0.09013106564,0.9050186615,1.269002328,0.3949893705,0.8877490533,0.2429632907,0.2157975134,0.1998909237,0.04388777229,0.101166059,0.5743449414,0.5242503128,0.2648212738,0.0145634246,0.03506957541,0.8010366302
17,CSpACQ,1.087255174,-0.1256461145,-0.102435995,-0.08462203641,-0.1423045837,0.3710317208,0.01257238009,-0.009061974971,0.2902014107,0.3409558388,-2.118535537,0.6095642408,1.115386913,1.160945667,1.445451569,-0.8222774942,-0.199496097,0.5673041428,0.1050502235,-0.01296046625,-0.04068330284,0.6649001081,0.05353913007,0.01143399389,0.9798216953,-0.08854226598,0.4913893164,0.04276491882,-0.01372690605,0.4632459557
18,CSpACQ,0.8145713067,0.08043511799,-0.09561921209,0.6475106815,0.5854971702,0.998266823,0.06873292992,-0.04714854038,0.8641901067,0.7817497534,1.20554218,0.7689569839,-0.2849411319,0.5716628294,0.1917986152,-0.5689558143,-0.2361925345,-0.1588599696,0.2444449588,0.4873199024,0.4787489477,0.534828324,0.02306955348,0.02918959221,1.012657101,0.364789831,0.4167732313,0.001521283945,0.04896240289,0.838349158
19,CSpACQ,-0.799800372,-0.05576573571,-0.09572791069,1.072753311,-0.1211327579,-0.4325863019,0.1169201298,0.1732106199,-0.2496327197,-0.2125747474,-0.617098648,2.50758463,0.660660449,0.1810320789,0.618527976,-0.5704070189,1.985757413,0.339090855,-1.69236843,-1.185804111,0.3628747602,-0.1803152134,-0.0006715947161,-0.1065432774,0.577912448,-0.02821852387,-0.08166352545,0.005209620974,-0.0426229074,0.3639049105
20,CSpACQ,0.228773577,-0.2084973767,-0.3489638573,-0.05049500682,0.3345258129,0.4029463954,0.06370338014,-0.1728632941,-0.2698895605,1.337624452,-1.475327251,0.3011614618,0.1837962988,-1.070691577,-2.027520739,-2.369512418,-0.7654330497,0.1819983722,0.6937333985,-2.745722194,-0.02255502247,-0.04931525998,-0.0500130109,0.01950676957,-0.2043925716,0.08958637689,0.178974303,-0.06327122548,-0.08549313118,0.1286417196
21,CSpACQ,-0.4948729543,0.1487023326,-0.03278012443,0.4104099011,0.3994914713,-0.4184780414,-0.09145606522,0.1063848199,0.1641759582,0.1264280811,1.792312397,-1.288553704,0.5634343523,-0.1801131056,-0.970909825,-0.2575217621,1.018171439,0.3919823725,-1.403332606,-2.92608309,0.2588101991,0.1138351744,-0.01274967633,-0.1291090264,0.8737824315,0.1829064985,0.0713420776,-0.03704044316,-0.1752702572,0.6632791009
22,CSpACQ,0.950346407,-0.09002705075,-0.03738869927,0.3403873545,0.3691330113,0.4254732169,0.108864356,0.01365500914,0.191280257,-0.2181066895,-0.6830889939,1.57813656,0.6042006036,0.8686606084,1.184963672,-0.1054911605,0.04377219217,0.1070988307,0.6910504815,0.4795250251,0.07418612852,0.09257452159,0.0414886709,0.1603484437,0.4862706124,0.06146347698,-0.1129087497,0.033890905,0.0944689351,0.4414012116
23,CSpACQ,0.3689802151,-0.01961749539,-0.05205481943,0.450462885,0.6117197186,0.173452846,0.02126097339,0.04643576804,0.2073882997,0.3092390624,-0.04567969524,0.1561267983,0.7015691229,0.9872249948,0.01211193853,-0.115106687,0.1669799751,0.361601689,1.118733607,1.436013082,0.1957057484,0.171880467,0.1172243047,0.2539975589,0.7584795516,0.1500749735,0.1492727146,0.005751945494,0.1812251913,0.4155037216
24,CSpACQ,0.1600353147,-0.02298764459,-0.08377037583,-0.5892982264,-0.4929661604,0.1932477889,0.1003411098,0.1152177357,0.5826849911,0.4086103024,-0.2202389575,0.9463125376,0.4187513277,1.535610518,0.5758753218,-0.7893146629,0.9865594963,0.3835440044,1.985662417,1.942484416,-0.4393734584,0.4661560122,0.1258550927,0.1782691253,0.945789283,-0.1958523285,0.1860725495,0.02576173687,0.09593929672,0.5335833359
25,CSpACQ,0.06380970795,0.1369692874,-0.06091864924,-0.4081241614,0.2205836909,0.1250542725,0.1421743926,0.0752055072,1.05990438,0.7477576117,1.384527872,0.8752212607,0.5392304421,1.09456699,1.665103914,-0.4174026942,0.3141183272,0.3626696302,1.11609774,0.8343791273,-0.1967051969,0.328239118,0.05656354935,0.08597080699,0.7281287012,0.1523241994,0.3174508779,0.1174377703,0.08837601969,1.013101179
26,CSpACQ,0.8414816398,0.2618402454,0.00747400152,0.5239689187,0.5671892067,0.5152593696,0.1599097893,0.185240488,0.5660307446,0.7419702695,0.8711846541,0.8983632057,0.18419364,1.052304745,1.339890253,0.009158168962,1.523067864,0.3321342448,1.519879035,2.380396712,0.6769469376,1.06966901,0.3787382455,0.3516068648,1.492799257,0.2833362343,0.6597949144,0.2146330494,0.2545898917,0.5500749879
27,CSpACQ,0.4984713094,-0.005121708446,0.1069441989,0.4838733408,0.6040592544,0.6153026914,0.066715463,0.1769094365,0.2454159845,0.512288158,-0.1224136286,1.726086012,1.847749449,1.035988429,-2.843346841,0.4805379523,0.666445944,0.2662792631,0.7569751416,-0.192420643,0.6473805139,0.2801395436,0.04363950652,0.220987139,1.020009114,0.1501013184,0.09412292972,-0.02584697248,-0.0220706782,0.1193056173
28,CSpACQ,0.1674627121,-0.06162971807,-0.07073453513,0.05085720044,0.193122881,0.05892776934,0.06983166515,-0.0924220445,0.2901952001,0.0950528359,-0.7036854443,0.8772154015,-0.3962451111,0.6092639563,0.9991907806,-0.7013540459,-0.8478691485,-0.3515293145,-0.3915009081,0.3139290155,-0.00246228504,0.4587965958,0.06924426499,-0.07137650149,0.7074777687,0.1911716564,0.1560994101,0.09382068894,0.03042978703,0.5672114219
29,CSpACQ,0.550360202,0.4244651613,0.5336443205,0.9185944692,1.020262144,0.6790754583,0.01151625336,-0.0139074068,0.516459278,0.8819886346,0.8697793864,-0.01595025425,0.7603533223,1.078396601,1.42755617,0.8157006767,-0.04632873707,0.5769256677,0.8274897394,0.8586828703,0.6672475613,0.2858033405,0.3787288148,0.383638103,0.8606634375,0.5181841284,0.3568983248,0.3597030595,0.2857296711,0.6219002568
1,CSpNR,-0.3032055489,0.2533519693,0.2724084909,-0.6707163478,-0.2007083856,-0.1320256813,0.01182979438,0.05132930599,0.03033006364,0.1933679933,1.833575196,0.2407737309,0.8259578983,-1.096880114,0.3849918774,0.2749957642,0.1715086862,0.1114483421,0.02318838594,0.281200156,-0.2195240497,0.09021116067,-0.05999013963,0.0570632704,0.4960259956,-0.07001838566,0.2532406009,0.0240940334,0.1467193136,0.4730684038
2,CSpNR,0.4800606416,-0.007489737594,0.1413918318,0.5213857008,0.6165752848,0.4424359191,0.01493911598,-0.1222418709,0.6738332478,0.7169561133,-0.105478547,0.4098121175,0.2077070499,-0.4021499746,-0.2118778354,1.418482305,-1.154248327,0.1124727016,1.156197308,1.66334006,0.4560828038,0.6082194879,-0.0171368071,0.09702555228,0.8646654025,0.4102535388,0.4979694634,-0.006847449777,0.1086550064,0.6500073608
3,CSpNR,0.2367180797,0.1623239246,-0.09367826865,0.5277610169,0.5186188781,0.2287840141,0.3275820505,-0.02418895161,0.1322259329,0.1086108402,0.5237254525,1.195642229,-0.0729353818,0.5259089092,0.6307365409,-0.2636699094,-0.1142182787,-0.09553874501,0.8343254927,1.581155928,0.4726833821,0.1346978664,0.1506762081,0.2522926811,1.182377464,0.2441345185,0.0550925169,0.09301397819,0.2488974701,0.6170091794
4,CSpNR,0.4830817773,0.1564460188,0.0588705801,0.5850941522,0.3924421669,0.4031608675,0.07250854515,-0.08540402486,0.4082918858,0.3443728172,1.384033493,0.7913307291,0.3988291934,2.354201211,1.244258436,0.2455619778,-0.3309047105,0.1999177548,-0.6369228467,-1.194052727,0.3013274943,0.239431908,0.1466868092,-0.1412064876,0.7661878583,0.1935132547,0.1991900996,0.06728221317,-0.1876879392,0.7465888153
5,CSpNR,0.3599934816,-0.06702273597,-0.04246168742,0.9792193255,1.655509155,0.3458774733,-0.01044155588,-0.0345317994,0.3533841891,1.07566544,-0.4309429573,-0.08978604535,-0.1842587882,-1.113724151,-1.428789249,-0.124763225,-0.1095702352,-0.08542588428,-0.9697346023,-0.5380893662,0.4145629898,0.1479235929,-0.09156431388,-0.146869632,1.239140877,0.2462733976,0.1544061975,-0.05114587751,-0.02944596615,0.3715509851
6,CSpNR,-0.03325942714,0.06375551532,0.5049394257,1.159937904,1.684002582,-0.05542330511,0.0610050955,0.06945119457,0.1217940104,0.1376563132,1.083981689,1.439906335,0.3997708855,1.142206318,0.2058767167,0.987946376,0.1985634917,0.04746335214,1.681268363,1.996012535,0.4734072255,0.09074052806,0.03099582312,0.3467300925,1.054262438,0.4649196075,0.06652201062,0.005370118528,0.283603051,0.7170618511
7,CSpNR,0.4755574737,0.2375494695,0.2130188225,0.9410732819,0.7679520684,0.5174213799,0.1752337024,-0.3293059599,0.3953662405,0.5641088319,0.9226545213,0.683437269,0.02024554047,1.058728231,-1.002107018,0.4073517882,-0.6173504109,0.08400888354,0.02579728538,0.6608529796,0.3900075472,0.1175499558,0.1159695313,-0.01148958672,0.5975034005,0.1783306977,0.09608727712,-0.06292124067,0.07388342945,0.3245822105
8,CSpNR,0.2520495236,-0.03014533589,0.1201825832,-0.3640928224,0.3304001963,0.5243045596,-0.04620978789,0.08905826108,0.1439984961,0.3688473573,-0.1039350101,-0.2044185809,0.03565876174,0.09004763701,0.07928067082,0.7861962058,0.2996228043,0.07927337095,0.08492514963,0.02123078186,-0.1313707719,-0.02358982886,0.002985849692,0.007689759825,0.4820771795,0.08843993888,0.04121930995,0.003267460481,0.002048414578,0.8551511642
9,CSpNR,0.3423721442,0.2599054287,0.1264399677,0.3361321399,0.2994944769,0.3438727515,0.08133953172,0.1265542202,0.5565571118,0.6938712614,1.051600437,0.3486810462,0.4400216458,0.5042578428,0.07064409327,0.4540293588,0.465848201,0.3475376648,1.04634646,0.6316637235,0.2054198845,0.3401737056,0.06965371032,0.1759516847,1.05613049,0.0876274093,0.2096695549,-0.0004839174621,0.05324510947,0.5127205866
10,CSpNR,-0.1981739796,-0.1323220347,-0.02269675028,0.1189604231,-0.3904205014,-0.20028748,-0.05457714643,0.1639537808,0.319567577,0.448265815,-1.403572714,-0.4919307823,-0.5753222114,3.216215672,2.793546512,-0.04747148149,1.508783266,-0.5624036754,-1.261368658,-0.2067358692,0.05506401222,0.08345028546,0.1159187794,-0.04052717996,0.5592543828,-0.07443082368,0.101049807,0.08007019217,-0.007905556036,0.5465500212
11,CSpNR,0.352118815,0.02832770072,0.09271486805,0.1831205761,0.7260788617,0.3818791694,-0.09343077163,-0.04715218423,0.1747408128,0.4302180945,0.2798482207,-0.8155159277,0.3924822017,-0.4498661157,-0.5656823007,0.6689634271,-0.3637434723,0.3126068451,0.1157683087,1.011146205,0.2028236689,0.1620689442,-0.05701858985,0.02587883797,1.082647734,0.458529339,0.2283045359,-0.03681415649,0.09469015415,0.5698424569
12,CSpNR,0.343691412,0.10750074,0.04347421177,0.6194573071,1.04546239,0.7328006505,0.05551148589,-0.1810943067,0.2591670052,0.9114545452,0.9556698052,0.2373908751,-0.1787999725,1.199307003,1.666586837,0.2008325761,-0.4626295782,-0.1352658592,0.2073197699,-0.1203721328,0.7720924296,0.1626910085,0.1707913535,0.06954698371,1.352548344,0.5083521886,0.2188719224,0.09349378735,0.001330018261,0.5297078989
13,CSpNR,0.9289666772,0.1431675663,0.2199249278,0.3572344551,0.7481193223,0.822384816,0.2534330896,0.2389781226,0.6362388214,1.039956223,0.7171665636,1.41998578,0.4006490627,1.586869649,2.136598695,0.4815873263,0.5829140306,0.1209013819,1.194803299,1.886490908,0.3631654777,0.7077011491,0.3114748383,0.4953137754,1.305677153,0.35107784,0.5562887323,0.2174206712,0.398453782,0.6255419761
14,CSpNR,0.6494444169,0.1944198699,0.1361667992,0.7116202322,0.6526487903,0.565253927,0.09071380393,0.1492249882,0.4707229864,0.6036354778,0.9424499733,0.5061470134,0.6236077098,1.34470443,1.293831317,0.6470654112,0.8249989012,0.6225101504,1.365267097,1.303069014,0.6070327773,0.4603820454,0.2549556972,0.2593394933,0.8149463087,0.6565179907,0.6968101523,0.274612233,0.2801623425,0.9346770656
15,CSpNR,1.087745479,0.0494819957,0.02253572624,0.6165285284,1.105057145,0.445888162,-0.0337571805,-0.006306176721,0.3820949546,0.5701661312,0.8125830372,-0.3881133002,1.278291206,2.876760187,1.018519917,0.2938304945,0.37884875,0.5954631981,2.755277741,1.184153989,0.3451477915,0.5756738211,0.1000619831,0.2045826141,1.027536819,0.4445311273,0.6008739607,0.02252786016,0.05314946186,0.7713627705
16,CSpNR,0.2923899932,-0.0693348992,0.06993132979,0.192549725,0.6509334378,0.1525956014,0.06326836662,-0.004466016227,-0.1011058926,0.1376295269,-0.3933961811,0.606294506,0.0393225785,0.06730549601,-0.56247429,0.1611238344,0.05615965377,0.02845253703,1.636970263,1.959844815,0.1410015255,0.005010204761,0.009561402141,0.5484451221,1.223545,0.1445881369,0.08888976646,-0.02332001562,0.2345115578,0.3740943057
17,CSpNR,0.4213523777,0.09950075574,-0.07154663619,-0.417033394,-0.07022780888,0.2898711825,-0.07359394482,-0.03617408742,0.6050119297,0.08033254443,1.053680304,-1.2758663,-0.2745079363,-0.8078516624,0.4045383957,-0.8015492579,-0.7012114347,-0.2939558872,-1.909587792,-0.5718443058,-0.177536848,0.460355753,-0.03348505964,-0.07803321444,0.3842429638,-0.03817516046,0.09939666311,0.03064599275,-0.0492153351,0.6452266769
18,CSpNR,0.3446103115,-0.0410859304,0.08961317842,0.8616870869,0.370175367,0.3855495174,-0.02331261593,-0.05676907077,0.2546803285,-0.08152588424,-0.4945327989,-0.3549749203,0.9668662804,0.008563725302,2.176382649,0.5555402062,-0.3330824237,0.3618588574,1.587650956,1.68130938,0.2940573988,0.08169003515,-0.007767036342,0.08531752116,0.3962444737,0.213368151,-0.0432770675,0.0769368867,0.1564972448,0.6521672749
19,CSpNR,0.5922224911,-0.1567341808,-0.0646802721,-0.01741729965,-0.2502953382,0.1690621269,-0.02169531708,0.04681746412,-0.08143589766,0.4414656024,-0.6579452902,-0.3552137826,0.6036868846,2.409958165,2.743142738,-0.1854743549,0.5214178396,0.3864589214,0.6304061203,1.879087367,-0.02366781354,-0.080972294,0.1513909379,0.06414018616,0.514529683,-0.0503826259,0.2803826793,0.1040762086,0.1090169467,0.2563622314
20,CSpNR,-0.09160426857,0.00723812484,-0.1848375672,0.2483307565,0.2496077198,-0.08915609347,0.1643713893,0.1313012868,0.2242100475,-0.01081137273,0.02424017961,1.149656998,0.1692914052,1.529197062,0.2827656491,-0.8982207772,1.081390669,0.2041447115,0.506491946,-1.512840937,0.09707367231,0.176280706,0.1609907603,0.04269128533,0.5290185422,0.06348444824,0.001392791307,0.01658710185,-0.08750590474,0.3538296876
21,CSpNR,0.3477495299,-0.1572666751,0.02719589992,0.2254263415,0.03232228347,0.5451473233,0.1030949725,0.1978446073,0.5814433074,-0.07313324745,-1.192588636,0.4729532514,0.1734795628,0.9230361848,0.5376015739,0.3275565761,1.576893984,0.3853478709,1.435519653,0.3141539708,0.2298816573,0.3802475363,0.1320687386,0.1187134782,0.6811490602,0.0182016301,-0.03321152282,0.04553141595,0.01501868032,0.3872665792
22,CSpNR,0.5429758082,-0.009841913661,0.08226880054,-1.133832256,-0.5167552173,0.3752405755,-0.0008226265701,0.09213691147,0.0524416844,0.4878948666,-0.1201951242,0.07349557701,0.6351296907,-1.316575477,-0.3569463034,0.1705056265,0.2577625545,0.08717518882,-0.8408824413,0.4828546761,-0.3063471851,0.005802658673,-0.01696877558,-0.1524212117,0.4244393432,-0.1838280195,0.2309199117,-0.01022144744,0.0691480449,0.8021518292
23,CSpNR,0.8365258858,-0.1165295282,-0.2797964074,0.5407321298,0.5342817769,0.2824147139,-0.1365410823,-0.06312354991,0.5677063903,0.1704384864,-0.3303899575,-1.060926637,0.8958843903,0.2040867119,0.9069920515,-0.6832496325,-0.3761781023,0.7246547978,0.1542466293,0.2029068947,0.18607537,0.5624131002,0.02320971355,0.02161865507,0.7603530923,0.1219868943,0.1121420733,0.07706366074,0.02136028404,0.509542639
24,CSpNR,0.1455308774,-0.007654574919,-0.001591845862,-0.5668119586,-0.1625894298,0.07544796638,0.005682923926,0.06862094586,-0.0921080539,0.4752631839,-0.09183075882,0.1570579003,0.1406161236,0.1043260763,-0.5459550263,-0.02601734265,0.8597422898,0.1024938688,2.261804016,2.032600772,-0.2499539751,-0.02335903126,0.004246318399,0.141685367,0.6318127536,-0.02290324518,0.4500600069,-0.02587822748,0.1286237701,0.7550784304
25,CSpNR,-0.2024602398,-0.01634917063,-0.1182871697,0.3644040468,0.4627474513,-0.1782751609,-0.04117030049,0.006881588135,0.3342302108,0.5778606366,-0.1137701248,-0.3454769976,0.2843582156,0.3745957212,0.8401266552,-1.095758281,0.06485397707,0.3540849602,1.386857698,1.819932125,0.2100456142,0.1904031284,0.02474691883,0.08082066777,0.855200611,0.208764125,0.2807257698,0.04757135744,0.08657815283,0.7534342308
26,CSpNR,0.691135305,0.2207554759,0.1441061132,0.9763297538,0.9727264983,0.1680248999,0.01545550502,-0.002100259123,0.3229533689,0.3650353983,0.8427579161,0.3319765251,0.7021752617,1.711035505,1.64046718,0.1614307583,-0.009928548048,0.1587224901,-0.001797246132,0.3821484119,0.5149111935,0.6347310353,0.2310263074,0.06731403444,0.7027819845,0.5434605594,0.7494992026,0.2360372057,0.2163873167,0.770269217
27,CSpNR,0.4965681816,0.09466934441,0.1940645101,0.241888296,0.02280630166,0.3873254252,0.08805987229,0.09660207455,0.1634517707,-0.1548521212,2.326808734,2.743436776,0.40235621,2.529556219,1.833454541,0.9228726132,0.6135083552,0.09978633575,1.078100871,1.498596291,0.1086993837,0.07803434348,0.05737097966,0.1139555675,0.7089798881,-0.02303868651,-0.06691104776,0.01250252229,0.03648695343,0.175450617
28,CSpNR,0.1795534511,0.09278841347,-0.01273960476,0.3419131921,0.4719461661,0.1406952404,-0.1806434319,-0.07387186245,0.04623219379,0.02280414324,0.6347507824,-1.484601968,0.04312509765,0.2080246568,1.599631609,-0.08444310476,-0.4018612698,0.03201717658,-0.5155629587,-0.3544113355,0.4712305795,0.1058996245,0.05076589699,-0.1322542358,0.6724835946,0.205533125,0.00425892492,0.1081729435,-0.03529686316,0.1962850941
29,CSpNR,0.8445720546,0.1821348362,0.1904871204,0.2384075783,0.6727974492,0.7020780732,0.1579480224,0.1640832028,0.2480134297,0.5499162773,0.4231831345,0.4354669963,0.8244442196,1.25064775,1.13417991,0.2439105823,0.2468841483,0.475923721,0.9750565305,1.004013024,0.2278999308,0.2734761485,0.5162092892,0.6815621742,0.9057161101,0.5089505261,0.5011671302,0.4117127547,0.610851162,0.785636642
1,CSpR,0.7128263076,0.1062875822,-0.2646438447,-0.5944643282,0.1406400354,0.2890987396,0.1113020455,-0.1193934933,0.1436763307,0.01114768975,0.3476030512,0.9831743502,0.4180464908,0.586236476,0.3292616088,-0.1493795533,-0.2582763197,0.0440460405,0.5107230733,0.1582682878,-0.1670445083,0.1362647933,0.05666802022,0.3600924534,0.4418626937,0.09019630925,0.02893499798,0.06153194122,0.2539943096,0.6536558613
2,CSpR,-0.0950114059,-0.1639325194,-0.1760058306,0.3886171761,0.4967401131,-0.08224946691,-0.01280752716,-0.1109362914,0.462102951,0.5544689006,-1.516881984,0.05833801859,0.4516301464,0.2816250133,-0.8599473951,-0.5758204763,-0.3290070159,0.09144120791,-0.290330361,-0.3866960789,0.3099153091,0.3198347515,0.02031640362,-0.05949403167,0.8809008349,0.3649536781,0.3584695133,-0.06080666108,-0.07996170997,0.8311808765
3,CSpR,-0.01744284545,0.3488248369,0.141589,0.07333560297,0.3606234698,0.06298559368,0.1812490084,0.1362478776,0.366019874,0.7649219903,2.836002449,0.8644489796,0.6311656761,1.202311072,2.495108106,0.9305609889,0.4710375271,0.4283921879,0.6452154329,1.104462258,0.1965561308,0.3286155958,0.2146218446,0.1716728619,1.120983649,0.2993373858,0.3247664326,0.2171477734,0.1409267747,0.5443006646
4,CSpR,0.1821992862,-0.02395497693,0.1681079683,0.1527766738,0.3349150871,0.1417667247,0.008621608145,0.1117638783,0.3632274349,0.416588555,-0.1428089915,0.2997304892,-0.105887541,1.435620717,1.652856473,0.9221280857,0.809585783,-0.06045874646,0.1898217804,0.7833827924,0.1111549541,0.3288469917,0.06479846772,0.0116916397,0.8839282705,0.1713149465,0.2677879575,0.0560955079,0.05893305478,0.6508504058
5,CSpR,0.1869626705,-0.05452606569,0.02832755212,-0.1686474038,-0.2038863469,0.2137015636,0.1829399037,0.1497105088,0.5644232828,0.3208271634,-0.2337613194,0.7184224014,-0.1975032842,2.952492331,2.136277565,0.1023284671,0.5822390359,-0.2121162311,1.055040129,0.8514789415,-0.07885656004,0.2150565281,0.3081039834,0.1084699778,0.7885773258,-0.06499056426,0.09235279385,0.1733505678,0.06553725582,0.6752911741
6,CSpR,-0.4539462046,0.01800592821,-0.2440585605,0.9847651888,1.223693539,-0.3989412401,-0.01942735128,0.00280801382,-0.1785713012,0.003143103456,0.4471061745,-0.7888618128,-0.5811567479,2.219006406,1.275500789,-0.8196862252,0.006630711985,-0.06344744639,-1.280244102,-1.784237253,0.4359287153,-0.08471568076,0.03393882267,-0.1683652198,1.089433359,0.324049015,-0.0001116092165,0.01084060668,-0.1485526754,0.6240594715
7,CSpR,0.896446786,0.3752507609,0.5359268164,0.8133306595,1.12228443,0.3687755218,0.01957959489,0.2139031022,0.4697140463,0.4162196508,2.149327951,0.316130868,0.9549069169,1.162755003,1.730838398,1.158238246,1.084926521,0.3714817349,0.4377882842,0.9004629027,0.5774388375,0.830589679,0.1403272259,0.140253373,1.062803886,0.5554691632,0.5437760073,0.1459791572,0.2017538859,0.739044432
8,CSpR,0.5169532165,-0.1244553437,-0.1422081864,0.342828735,0.4381134252,0.9761161892,-0.09305086012,-0.1317331267,0.605703614,0.3595960098,-1.243642733,-0.4703402765,0.3140498699,-0.662835089,-0.7065788886,-1.046777053,-0.5241856425,0.222996826,-0.05611792614,-0.2028487678,0.4349837934,0.3823126235,-0.07910318377,-0.01072859591,0.8135711965,0.6275308426,0.2591877558,-0.09574748968,-0.03463589815,0.9731190396
9,CSpR,0.4296998951,0.1213524303,0.09332516968,0.8669790588,0.9011118481,0.6017387673,0.1345981053,-0.052623584,0.8165606959,0.988567479,0.7344677685,0.5596753935,0.6312189079,-0.009490188896,0.2192376336,0.4830841689,-0.2068607792,0.4807472538,0.2811313296,0.3183909075,0.5999318127,0.4264139461,-0.01952986885,0.04257083065,0.7567817973,0.6158715018,0.5311209918,0.02692806389,0.0580048158,0.81651283
10,CSpR,0.3718395761,-0.09595056649,-0.07328614987,0.165358917,-0.3768550348,0.1667683828,0.01190735076,0.009113542091,0.06010524506,-0.2204732412,-0.8993227704,0.2446921407,-0.6574160147,2.668817781,3.692856421,-0.6544060826,0.1224243417,-0.5018970327,-0.5364844873,-1.630519678,0.09844243192,0.0763799894,0.2079673047,-0.05879247367,1.346028924,-0.1518326754,-0.09340094658,0.09504886101,-0.06213394874,0.3954484066
11,CSpR,0.2535486442,-0.04706866511,0.1404850604,0.008075618765,0.04209236229,0.495257661,0.05879663282,-0.02398652507,0.4276755867,0.4614489123,-0.5105179423,0.3772382152,0.1001651395,-0.309929862,0.687977187,0.8013181506,-0.1208671513,0.05636875129,0.6166505411,0.88264526,0.05235272414,0.3065722261,-0.0373063598,0.1475732076,0.8143381783,0.1221334945,0.2932510806,0.06517979106,0.1814001892,0.756393844
12,CSpR,0.09120623166,0.2383236834,-0.04776773578,-0.01005061539,-0.2901771974,0.09033129704,-0.04683227086,0.2371265213,0.173678545,-0.8689317647,2.204910826,-0.3432786964,-0.06257264991,-1.041714622,-2.82824281,-0.4174658304,1.244491215,-0.08510785524,1.365346445,-1.62351257,-0.008629436163,0.06942553007,-0.05770500423,0.1020502247,0.7566075608,-0.07886161156,-0.1591899245,-0.07852933683,-0.05660631932,0.3610755465
13,CSpR,0.3019973802,0.00207173893,0.2631516521,1.062407156,1.332000436,0.1020018289,0.323652333,0.06576275861,0.5395905578,0.4347033567,-0.01191188958,1.896705828,0.1381825598,0.1096574215,-0.6694801717,0.7005859667,0.3070713193,0.07360303221,1.074274898,2.022155709,0.4002647665,0.4039778375,0.01286859029,0.1602799122,0.9627651993,0.345545873,0.2226950219,-0.05769447339,0.2076718798,0.6496560374
14,CSpR,0.3858156829,0.122937994,0.2917235879,0.5644409584,0.6257613423,0.3310420161,0.04638951706,0.09949065339,0.3448810521,0.6732761383,0.9478792293,0.3870741563,0.7850364768,0.6683238542,0.6989290272,0.9183736945,0.3279847004,0.2858230714,0.6869895577,0.9248952274,0.4107226188,0.283827191,0.06589242779,0.1874644863,0.8952177153,0.2361570237,0.3256410679,0.02091523954,0.1137278978,0.4220486129
15,CSpR,1.379916694,0.07903255911,0.07841660105,0.5763909047,0.7331363996,0.4496199241,0.04256350507,0.06564185211,0.340806587,0.4366052734,0.6767527566,1.026831187,0.9429191362,0.3788021379,-0.06601423955,0.3939064641,0.9056929414,0.5853286019,0.9034969886,0.6200949431,0.6321071487,1.10210341,0.06056982207,0.1900895724,1.049062887,0.675470539,1.162476089,0.014081718,0.1263524764,0.8923042598
16,CSpR,0.2500130304,0.09431986302,0.01279956218,0.1351474038,0.4962879544,0.2847729399,0.2341565069,0.03330659267,0.06366672717,-0.1387441211,0.393190407,0.9221745615,-0.3607758032,0.05297395876,-1.721072675,-0.005263795924,0.03229997161,-0.2396534349,0.6071661073,-1.187144182,0.005549106903,-0.06306266982,-0.004042988941,0.1077577178,-0.1352137866,0.1720768464,0.01996468379,-0.0814857387,-0.08569536361,0.3137124732
17,CSpR,0.3784877529,-0.1066851175,0.07875349371,0.1095601244,-0.2541144508,0.344673825,-0.02263138262,-0.1039989536,0.04005340931,-0.1866224465,-0.9579495989,-0.2108493669,0.4006090581,0.5899902237,0.3527672347,0.4244807854,-0.5978067188,0.2457153929,-0.7811914904,0.6910836092,0.07158312715,0.02699681709,0.03775827584,-0.08101280135,0.5465584244,-0.1269606965,-0.0889572188,0.01379036051,0.04053183471,0.2212044996
18,CSpR,0.3270299106,0.02466480919,0.09052205653,-0.1039492174,-0.09737792131,0.2113400558,-0.0373056655,-0.004736127234,-0.09748263478,-0.1663564593,0.1613892169,-0.2741436127,-0.0794583512,1.026810054,1.541599021,0.4463155504,-0.03475094756,-0.09640562407,0.3610059345,0.162591274,-0.0438478511,-0.1023765546,0.153014421,0.05175004715,0.9901708503,-0.02926313011,-0.1009723608,0.1164065661,0.008433159056,0.4628875311
19,CSpR,0.008480358392,0.1003803523,-0.006729603399,0.4344687867,0.06177007031,0.005712831117,0.01355475124,-0.3120078182,0.7553692403,0.7094972882,1.375642498,0.1835599124,0.5405599639,-1.226645922,1.604083215,-0.008993572622,-1.109497629,0.1073263867,-0.4250137126,0.2255888357,0.09115956074,0.2195310318,-0.02391408153,-0.03045056464,0.3523650711,0.005818713406,0.1861919233,0.02417646879,0.009176186943,0.1593380334
20,CSpR,-0.2680593788,0.00229360508,0.08766802611,0.2087377614,0.4348699785,-0.3130089508,0.007261518477,-0.2635181267,-0.0006744465383,-0.4030208464,-0.02905124324,0.07366989962,0.3462777468,1.260255373,0.8015654065,0.4837240897,-1.137090939,0.4161127227,0.3031545804,0.3935897191,0.2021498161,0.00388677885,0.218891039,0.04477490893,0.7676627743,0.2356180623,-0.1476644361,0.08566765841,0.03517118064,0.4627150294
21,CSpR,0.2985636056,0.09037513386,0.08888202123,0.07349630314,0.2422715558,0.9183152775,0.1351682999,-0.09040007536,0.1954395497,0.2144883315,1.615431854,0.8222402826,-0.2863423409,1.117149068,1.408965306,1.732814032,-0.5537889636,-0.2130233893,-0.2706366254,-1.857562081,0.3424161919,0.23245836,0.1967523707,-0.04529621143,0.7709130728,0.3812147173,0.115291367,0.1165137159,-0.1292337302,0.3350374652
22,CSpR,0.3632773227,0.1085995416,-0.03236266616,0.1079861733,0.435183221,0.6519510147,0.1642931078,-0.0781301182,0.2902923593,1.265992629,1.29683234,1.084562511,0.3983383894,0.0796101222,1.149771158,-0.09045012477,-0.1264085968,0.1020191317,0.8096720215,-0.3219798019,0.0340923085,0.06896019456,0.01280267548,0.1069668547,1.073690735,0.05955998787,0.1196580243,0.01132497998,-0.05202869752,0.3356321221
23,CSpR,0.06641316864,-0.0633520235,-0.1308658105,0.1466629194,0.6392728911,0.0700933179,-0.2020992837,0.03739701407,-0.2503106499,0.524698364,-0.254065705,-0.9956191992,-0.2592535971,0.6814359773,-0.009413184943,-0.6317409131,0.1968016223,-0.2155844741,0.136443876,0.414556287,0.2004441789,-0.2830655259,0.1863758225,0.04622924218,0.6294386801,0.190744341,0.1676976225,0.002072633465,0.02389283861,0.1040490668
24,CSpR,0.1587881077,0.008690862896,-0.08198444943,0.03135942102,-1.446466237,0.06494577081,-0.02185545712,-0.06582433361,-0.09554103466,-0.5214296997,0.07853384887,-0.3528235991,0.6049634717,1.485498827,2.879502123,-0.7156930583,-1.050021265,0.5578032754,-1.127539866,3.898948763,-0.02096697401,-0.04424286289,0.04024799935,-0.0329710304,0.2550253587,-0.2206340059,-0.1299118711,0.0438417933,0.06355424537,0.1851133283
25,CSpR,-0.02730984692,-0.03893686454,0.05299071132,0.1436250325,0.1609289324,-0.05027116036,0.04108784103,-0.1098311162,0.1256531049,-0.008788184438,-0.4108233099,0.3657779842,0.2113627676,0.8521900428,1.799040922,0.2331050899,-0.4124805137,0.07412450281,-0.6442998279,-1.004575525,0.0763306553,0.06847872228,0.04120119465,-0.06838264559,0.8395554584,0.08025781943,-0.002268900151,0.0840046264,-0.1144601316,0.7886434818
26,CSpR,0.4843530889,-0.1107742162,0.06653728396,1.08210677,0.5431648239,0.05959377476,0.01190469732,-0.01833992718,0.5008609869,0.5643318837,-0.4952280515,0.2446539292,0.3166604669,0.4939357965,2.053631899,0.3113984143,-0.1173350609,0.3279032516,-0.05205910712,0.5703302668,0.3763012542,0.6368202592,0.04503392013,-0.01195017255,0.8408127483,0.1148942116,0.5834760255,0.1674352179,0.02856606709,0.6427543288
27,CSpR,0.5210867833,0.02555080288,0.3790709247,-0.4960227218,1.129664461,0.2430554949,0.08381235988,0.2655241099,0.05317601662,-0.06994882791,0.3510918664,1.999645648,1.101943913,3.628048354,3.34152118,1.510562697,1.764545069,0.319332074,1.064128248,3.757391311,-0.1900864357,-0.01826751095,0.0578529377,0.05192660937,0.4797371487,0.0505978957,-0.03841301109,0.02205341465,0.07208791875,0.1475896865
28,CSpR,0.05678144311,0.06082301264,0.00852470891,0.4877417189,-0.1696275133,0.08578010012,-0.03476062136,0.05120253495,0.1915265796,-0.2289643859,0.3093097943,-0.1970676409,-0.40054479,1.406897045,1.093545566,0.07613450083,0.2421490402,-0.3286937671,-0.02610687278,0.2247778923,0.260177807,0.05379230632,0.1645601248,-0.03342495039,0.4185525017,-0.1054421585,-0.1880818081,0.1984160468,0.04848770082,0.7534796712
29,CSpR,1.224257679,0.6681752009,0.8655748348,0.9266714829,1.048506905,0.8170734784,0.5304831661,0.6710539988,0.7345228473,0.8524338998,1.640232333,1.962293631,1.338568257,1.390416548,1.603809497,1.194610929,1.416247664,0.7545393042,1.102790841,1.232443841,1.040931699,1.244612346,0.6288465055,0.884454248,1.200452522,0.8300864744,1.03617322,0.519802986,0.7079727635,0.8606054069