pID,CSplusR_ACQ_t1,CSplusR_ACQ_t2,CSplusR_ACQ_t3,CSplusR_ACQ_t4,CSplusR_ACQ_t5,CSplusR_ACQ_t6,CSplusR_ACQ_t7,CSplusR_ACQ_t8,CSplusR_REACT_t1,CSplusR_EXT_t1,CSplusR_EXT_t2,CSplusR_EXT_t3,CSplusR_EXT_t4,CSplusR_EXT_t5,CSplusR_EXT_t6,CSplusR_EXT_t7,CSplusR_EXT_t8,CSplusR_EXT_t9,CSplusR_EXT_t10,CSplusR_EXT_t11,CSplusR_EXT_t12,CSplusR_EXT-RE_t1,CSplusR_EXT-RE_t2,CSplusR_EXT-RE_t3,CSplusR_EXT-RE_t4,CSplusR_EXT-RE_t5,CSplusR_EXT-RE_t6,CSplusR_REN_t1,CSplusR_REN_t2,CSplusR_REN_t3,CSplusR_REN_t4,CSplusR_REN_t5,CSplusR_REN_t6,CSplusNR_ACQ_t1,CSplusNR_ACQ_t2,CSplusNR_ACQ_t3,CSplusNR_ACQ_t4,CSplusNR_ACQ_t5,CSplusNR_ACQ_t6,CSplusNR_ACQ_t7,CSplusNR_ACQ_t8,CSplusNR_REACT_t1,CSplusNR_EXT_t1,CSplusNR_EXT_t2,CSplusNR_EXT_t3,CSplusNR_EXT_t4,CSplusNR_EXT_t5,CSplusNR_EXT_t6,CSplusNR_EXT_t7,CSplusNR_EXT_t8,CSplusNR_EXT_t9,CSplusNR_EXT_t10,CSplusNR_EXT_t11,CSplusNR_EXT_t12,CSplusNR_EXT-RE_t1,CSplusNR_EXT-RE_t2,CSplusNR_EXT-RE_t3,CSplusNR_EXT-RE_t4,CSplusNR_EXT-RE_t5,CSplusNR_EXT-RE_t6,CSplusNR_REN_t1,CSplusNR_REN_t2,CSplusNR_REN_t3,CSplusNR_REN_t4,CSplusNR_REN_t5,CSplusNR_REN_t6,Csminus_ACQ_t1,Csminus_ACQ_t2,Csminus_ACQ_t3,Csminus_ACQ_t4,Csminus_ACQ_t5,Csminus_ACQ_t6,Csminus_ACQ_t7,Csminus_ACQ_t8,Csminus_REACT_t1,Csminus_EXT_t1,Csminus_EXT_t2,Csminus_EXT_t3,Csminus_EXT_t4,Csminus_EXT_t5,Csminus_EXT_t6,Csminus_EXT_t7,Csminus_EXT_t8,Csminus_EXT_t9,Csminus_EXT_t10,Csminus_EXT_t11,Csminus_EXT_t12,Csminus_EXT-RE_t1,Csminus_EXT-RE_t2,Csminus_EXT-RE_t3,Csminus_EXT-RE_t4,Csminus_EXT-RE_t5,Csminus_EXT-RE_t6,Csminus_REN_t1,Csminus_REN_t2,Csminus_REN_t3,Csminus_REN_t4,Csminus_REN_t5,Csminus_REN_t6,CSplusACQ_ACQ_t1,CSplusACQ_ACQ_t2,CSplusACQ_ACQ_t3,CSplusACQ_ACQ_t4,CSplusACQ_ACQ_t5,CSplusACQ_ACQ_t6,CSplusACQ_ACQ_t7,CSplusACQ_ACQ_t8,CSplusACQ_REACT_t1,CSplusACQ_EXT_t1,CSplusACQ_EXT_t2,CSplusACQ_EXT_t3,CSplusACQ_EXT_t4,CSplusACQ_EXT_t5,CSplusACQ_EXT_t6,CSplusACQ_EXT_t7,CSplusACQ_EXT_t8,CSplusACQ_EXT_t9,CSplusACQ_EXT_t10,CSplusACQ_EXT_t11,CSplusACQ_EXT_t12,CSplusACQ_EXT-RE_t1,CSplusACQ_EXT-RE_t2,CSplusACQ_EXT-RE_t3,CSplusACQ_EXT-RE_t4,CSplusACQ_EXT-RE_t5,CSplusACQ_EXT-RE_t6,CSplusACQ_REN_t1,CSplusACQ_REN_t2,CSplusACQ_REN_t3,CSplusACQ_REN_t4,CSplusACQ_REN_t5,CSplusACQ_REN_t6
p001,0.06718390871,0.764150538,-0.5896172931,-0.5648232224,1.071250459,-0.1215892615,0.2344094224,-0.5720367949,1.653734807,-1.05663761,-1.073250086,-1.069529738,-1.078126701,-1.072415422,-1.080287951,-1.079341043,-1.083287702,-1.074436196,-1.080677073,-1.080162485,-1.050824302,-1.071603786,-1.072078702,-1.083354152,-1.073748287,-1.074217047,-1.072136944,-0.9994983256,-1.063935433,-1.080243151,-1.079835042,-1.077621561,-1.07982038,1.466496863,0.5244900693,0.1031105225,3.091974855,-0.6013732676,-0.62081399,0.8846941667,-0.5942531323,,-1.075697852,-1.071036713,-1.074700834,-1.079791423,-1.075235076,-1.079915413,-1.078659153,-1.079151037,-1.080325418,-1.080558476,-1.083047488,-1.073204914,-1.068684939,-1.076085557,-1.081282159,-1.078737874,-1.077889989,-1.072209963,-1.048205122,-1.086790998,-1.078507227,-1.0712359,-1.064300822,-1.081691094,1.180407756,-0.7663533419,-0.4065438964,-0.8228690343,-0.8113385415,-0.9650859487,-1.020433956,-0.9310368799,,-1.054001624,-1.06290027,-1.076514218,-1.079044725,-1.077370111,-1.080274557,-1.083847637,-1.044502464,-1.079754289,-1.070998104,-1.079529682,-1.07830285,-1.080520022,-1.073459804,-1.078579988,-1.071532834,-1.079471129,-1.080650035,-1.061295592,-1.074368622,-1.072884081,-1.081885208,-1.081280282,-1.081250125,,,,,,,,,,-1.058424082,-1.038975645,-1.056669149,-1.039298435,-1.049036547,-1.047485228,-1.046277121,-1.046273765,-1.037786912,-1.053688771,-1.035539531,-1.032871604,-1.02146231,-1.024491786,-1.025101719,-1.01676515,-1.017408049,-1.017077561,-0.9216066227,-0.9806513358,-0.9870751046,-0.9926302772,-0.9949625699,-0.9927525991
p002,-0.3064445149,-0.1582806985,-0.3910595917,0.09386783592,-0.3349954941,-1.437559768,0.6671573921,-1.470049955,6.041252577,4.612512005,4.086274028,-1.291896595,1.108169022,-0.9825279914,-1.352910924,-1.351254249,-1.393604778,-1.509814541,-1.504554205,-1.389410144,-1.499876971,-1.602642332,-1.467140008,-1.460021093,0.4373318782,-1.426902398,-1.56406371,-0.8836188485,-1.470397518,-1.46830886,-1.470836205,-1.477011194,-1.259591446,0.6869519646,0.7691405569,0.7290145181,-0.3324696272,0.5926327827,0.3964608231,-0.7525493756,1.333751612,,10.15914021,-0.9946613756,-1.332570873,1.381239034,-1.48991788,-1.318079584,-1.317283154,-0.2096811553,-1.480475373,2.281440549,-1.497832932,-1.392586546,0.2845466495,-0.03172471573,-1.509098083,0.10296227,-1.523623437,-0.9867690229,5.324611764,-1.242036006,-1.506806252,-1.531274205,-1.471693068,-1.496397596,1.70646078,-0.86938887,-0.5241400236,-0.3562686152,2.200455915,-1.381286523,0.6144781337,-1.475879257,,3.735800131,-0.124202071,7.429297297,-1.310248599,-1.506503425,-1.440140244,-1.458024121,-1.497808383,-1.399112284,-1.406880359,-0.1553568035,4.524023604,2.218221418,-1.147223815,-1.528477853,-1.482258762,-0.9776378696,-1.353980444,-0.9244828392,-1.362449032,-1.284383354,-1.524670012,-1.551177784,-1.44686555,,,,,,,,,,-1.30163095,-0.9507376738,0.6029968577,0.7444292068,2.074184291,3.217884042,-1.47691871,-1.568681356,-1.545361334,0.4172426957,0.8068889143,-1.376148281,1.573987444,-1.535406368,-0.9751044864,-1.456427385,3.9953596,-1.351701168,3.195730764,-0.5642973436,-1.019811714,-1.082015946,1.043635043,1.611468409
p003,-0.1739522181,2.210950534,0.6116296693,-0.5966483443,-0.5406745537,-0.03461955375,0.2062611393,0.06381784607,3.502495104,0.6081671792,0.02527187285,-0.7503615496,-0.7400654126,-0.7600115151,-0.7596068205,-0.7737556952,-0.7525928572,-0.7353292227,-0.7504191853,-0.6785090078,-0.750134428,0.5649197075,-0.7597532163,-0.7580650722,-0.7494407291,-0.7668841941,-0.7608291687,-0.07414867351,-0.7342218954,-0.7394013909,-0.7351123241,-0.7480393768,-0.7413830028,0.2292475967,3.540321379,-0.5118410114,-0.2206232005,-0.70690275,-0.138318124,0.2447368345,-0.04925211229,,1.248982288,-0.2520905492,-0.4265594086,-0.6588488525,-0.7373470032,-0.7498743517,-0.7655895725,-0.7437545887,-0.7624469366,-0.7456693118,-0.7309117177,-0.7283195481,-0.1287924047,-0.7454449023,-0.7532652635,-0.7634090895,-0.6776264437,-0.7512034962,-0.7482382205,-0.7546089254,-0.5982711361,-0.7610028957,-0.7585821352,-0.756951414,-0.2883262697,0.5198258437,-0.7046625258,-0.7274995246,-0.7281435459,-0.7737556952,-0.7053375095,-0.7262339042,,0.1359060204,0.572475433,-0.5161881458,-0.7574042775,-0.7239124706,-0.7007115439,-0.7599825142,-0.7555688697,-0.720997557,-0.7624392144,-0.7636967143,-0.7545086769,-0.4577239032,-0.7443720198,-0.7376815171,-0.760572816,-0.7655855731,-0.7647303899,-0.05046730191,-0.7559205578,-0.7626423003,-0.7538792378,-0.7620479486,-0.7631996635,,,,,,,,,,1.490185931,0.6137993723,0.5995073144,0.7790786679,0.1875473118,0.779852935,0.8604177967,0.646013106,1.165657971,0.01351594315,0.9794867716,0.1091850936,0.3573540209,-0.347024662,-0.5737865238,-0.03793833845,-0.0825693778,-0.5656718344,-0.1418490266,-0.4976549961,-0.1864674877,-0.5570242415,-0.1078852778,-0.1431873756
p004,0.3685780419,-0.2282528998,1.20864354,0.4915035583,0.4556424425,0.09190590324,0.7254236411,0.3647599672,-1.427555226,9.026322468,-1.570952527,-1.72087091,-1.687651648,-1.934608469,-1.742118913,-0.1715511387,7.775281405,-1.767782335,-1.434749042,-1.692110301,-1.739466136,-1.943237346,-1.984283591,,-1.113719102,-1.661985993,-1.587468639,-1.791495504,-1.764489007,-1.771914431,-1.144898678,-1.857509151,-1.884355752,0.8353501099,0.4452055189,0.424088407,1.242124418,0.9761409398,1.090539996,1.021246037,0.6821214326,,3.049851765,8.623217835,5.219402416,-1.880275708,-1.750587912,-1.449401076,-1.80841583,-1.984283591,1.274250087,-1.984283591,-1.791746623,-1.761205691,-1.908173188,-1.925902385,-1.191107657,-1.827729877,1.61944103,-1.68675595,-0.9165280285,-1.468350106,-1.774437192,-1.659953681,-1.810597484,-1.840153619,-1.869411964,-1.523197228,-0.9690148209,-1.347634737,-0.7892958553,-1.597409965,-0.9558780295,-1.143178453,,,-1.38800802,-1.463702822,-1.804462829,-1.553589939,-1.829269428,-1.73180457,-1.570840742,-1.598872459,-1.802294924,-1.676724448,-0.7711066081,-1.625444207,-1.082664331,-1.711904555,2.433077601,-1.513393269,6.516128366,-1.769616359,-1.72446489,-0.7398615991,-1.596674137,-1.705063115,-1.86163083,,,,,,,,,,3.263123965,2.380552357,-1.756721388,-1.984283591,-1.313429914,-1.417865691,5.576532036,-0.9028226417,-1.766209622,-1.852147906,-1.960263663,0.3759998533,-1.960938355,8.691493489,-1.704853399,-1.622574309,-1.898948483,-1.325179831,-1.371079831,-1.681186882,-1.662202087,-0.8684172967,-1.782712363,-1.75614613
p005,0.875085964,0.7848830781,1.895412072,0.4746888172,0.6572216835,1.166881683,1.245303481,-1.144001019,-0.01441397924,-0.9169848453,-0.9417554487,-1.25301658,-1.299414276,-1.377358877,-1.382405828,-1.388757907,-1.385276183,-1.385334915,-1.384956644,-1.365061332,-1.345420103,-1.345168622,-1.417321117,-1.338306243,-1.384630766,-1.364842726,-1.341569298,-1.423227949,-1.355346648,-1.394066324,-1.390047463,-1.404758293,-1.391382471,0.1562670271,0.9588335913,0.7606757272,0.3945021869,-0.3788863962,-0.5801302531,-0.9628402264,-1.383538878,,-1.390172442,-1.345525454,-1.355068789,-1.370054424,-1.363441547,-1.306652693,-1.367015985,-1.388534311,-1.36152779,-1.396386718,-1.395727822,-1.423227949,-1.372327334,-1.423227949,-1.391474796,-1.369648714,-0.9152991912,-1.391883689,-1.349213681,-1.401761368,-1.423227949,-1.363466784,-1.400512553,-0.5898701864,1.259645173,-0.3372867744,-0.7691869882,-1.423227949,-1.284278883,-0.6993361942,-1.22241013,-0.4442767938,,-0.2097423176,0.5272024668,-1.366565783,-1.378244616,-1.291286194,-1.371189012,-1.392623138,-1.369792961,-1.391880525,-1.390505661,-1.391317529,-1.378245233,-0.1067313289,-1.342421204,-1.380543955,-0.3496878339,-1.383066191,-1.377688836,-1.389350522,-1.395552166,-1.387609201,-1.400489949,-1.390958229,-1.39636635,,,,,,,,,,-1.391943488,1.196217917,-0.8496553661,-1.130484584,-1.147240575,-1.385691762,-1.386472994,-1.394364674,-1.344019018,-1.378856876,-1.360906803,-1.31039637,-1.224401264,-0.9844061506,-1.390925052,-0.9025346193,-0.6565430938,-0.3033686495,-0.8667619292,-0.7447022694,-0.4785225579,-1.403423767,-1.342758637,-1.24292355
p006,,,,,,,,,,,,,,,,,,,,,,,,,,,,,,,,,,,,,,,,,,,,,,,,,,,,,,,,,,,,,,,,,,,,,,,,,,,,,,,,,,,,,,,,,,,,,,,,,,,,,,,,,,,,,,,,,,,,,,,,,,,,,,,,,,,,
p007,1.612975135,-0.1132341053,1.258945125,-0.3057010861,-0.7696438943,-0.7509149628,-0.6403610884,-0.7830245979,-0.7193404747,-0.9089964961,-0.3814919966,-0.7772319569,-0.8674979141,-0.7858137732,-1.159998232,-1.098428524,-1.038701737,-1.132067366,-1.122977969,-1.007795318,-1.019951887,-0.5564938813,-0.858441319,-0.899448588,-0.9854487228,0.2215453008,-0.3784532032,-1.018111249,-1.078324845,-1.018509092,-1.023095693,-1.157107599,-1.106666753,3.128065596,-0.2402364882,0.4160439368,1.055374787,-0.539497286,-0.6033166665,-0.5313498357,-0.661355119,,-0.4927825525,-0.5787511221,-0.9357700488,-0.671914249,-1.015551418,-0.9002779698,-1.073559257,-1.108351459,-1.026284429,-1.07620906,-1.097778969,-1.122492495,-0.766694077,-0.1975821618,-0.9153222996,-0.962316368,-0.9697131226,-1.045477355,-0.5613411781,-1.097932417,-1.173921864,-0.951858743,-1.101385029,-0.9610236705,0.9027595819,0.7673728458,0.2920816742,-0.4724666206,-0.6175687434,-0.7768155977,-0.7931310588,-0.8350015307,,-1.081175725,-0.906676953,-0.5370171091,-0.3676451363,-1.09808593,-0.9951565811,-1.086265194,-1.090279605,-1.196472274,-1.101174796,-0.9084560401,-1.111270168,0.1118062061,-0.7842360793,-0.3092626495,-1.001419548,-0.9757542008,0.5411252607,-0.8114815148,-1.139951534,-0.8515507707,-0.5485474442,-1.134535796,-1.160568325,,,,,,,,,,-0.7294232433,-0.7194202945,-0.6985074742,-0.7417564496,-0.8871441725,-0.6554082724,-1.003754522,-0.9719421873,-0.8658700214,-1.006120588,-0.1668891801,-0.9720240002,0.4740696221,0.6071076155,0.004273680096,2.975049645,0.3453494526,0.1235068231,-0.7753967996,-0.7365054173,-0.5951683277,-0.5586595772,-0.8120216462,-0.9058938014
p008,-0.5547766688,0.4918840192,1.222330941,0.5198325871,-0.2567438557,-1.458541913,2.005899971,0.1548183847,-1.195044194,-1.403847686,-1.480392567,-1.48823846,-1.500749528,-1.50611468,-1.512465731,-1.514370004,-1.515786325,-1.515669257,-1.516869192,-1.519083566,-1.518494879,-1.518217133,-1.518128448,-1.520185982,-1.51978081,-1.519934387,-1.520543185,-1.519328994,-1.519053813,-1.519541112,-1.519636388,-1.520736656,-1.520360758,-0.4530679762,0.6588144228,0.5209875561,1.35772639,0.1069470294,0.9245937266,-0.9496001067,-0.2787233405,,-0.8129740863,-1.145563036,-1.47959935,-1.499408779,-1.503304711,-1.51143215,-1.51509254,-1.518475165,-1.515653321,-1.517007621,-1.514623252,-1.518586559,-1.519640254,-1.519481967,-1.519824317,-1.520244281,-1.520337883,-1.520114355,-1.519929306,-1.519724958,-1.52009954,-1.519741694,-1.520361616,-1.52061318,0.4195723525,1.018689838,0.7374187149,-0.6580236901,-1.452319586,-1.323028872,-1.356764494,-1.397925431,,-1.215394693,-1.336956945,-1.474602305,-1.500619002,-1.504865794,-1.508756766,-1.5146517,-1.51634217,-1.51569192,-1.517576231,-1.519398071,-1.518003102,-1.51947811,-1.519599025,-1.519237341,-1.520355852,-1.519994588,-1.519784665,-1.518816408,-1.5198117,-1.519690403,-1.520027967,-1.520257417,-1.519481079,,,,,,,,,,-1.224375707,-1.349801851,-1.320671145,-1.029910484,-1.504858458,-1.491007966,-1.51831379,-1.466590444,-1.521630465,-1.521630465,-1.518764606,-1.521273163,-1.518501558,-1.517885258,-1.518845008,-1.519006756,-1.518756909,-1.518923351,-1.515939976,-1.518305021,-1.51908258,-1.519291876,-1.518994396,-1.519333777
p009,0.06693141549,0.7992736801,3.274287477,-0.440953314,-0.4420502589,-0.5601519005,-0.6149275034,-0.6021804266,-0.4240471917,-0.6699922242,-0.6604062326,-0.6347073027,-0.6509143376,-0.6426317697,-0.658158628,-0.6713654243,-0.6707986759,-0.673670169,-0.6749711025,-0.675456753,-0.6791407755,-0.6736479151,-0.6695311934,-0.6740716925,-0.6769382863,-0.677738754,-0.6755475085,-0.6814442606,-0.6812557971,-0.6809905619,-0.6811205705,-0.6826164171,-0.6816645303,1.751018243,-0.4325917465,-0.3064580394,-0.3004731085,1.173531719,-0.2674059789,-0.5016681465,-0.6395031259,,-0.6195500197,-0.662218232,-0.6629366743,-0.6456386177,-0.6422589279,-0.6625244991,-0.6726598624,-0.6714357953,-0.6724988446,-0.6754897536,-0.6758566446,-0.6782468028,-0.6705794737,-0.6719523509,-0.6733791042,-0.6747604371,-0.6771493178,-0.6792203062,-0.6796964323,-0.6807948438,-0.6812190297,-0.681577408,-0.6822992729,-0.682064093,1.610246832,-0.06283144978,-0.5744584742,-0.6046991981,-0.578451408,-0.5596018915,-0.5962793521,-0.5906040444,,-0.6212846223,-0.6585188469,-0.648605425,-0.643453995,-0.6430341488,-0.6610877126,-0.66563805,-0.6712787735,-0.6730151284,-0.6757193079,-0.6763503213,-0.6773898499,-0.6750870376,-0.668816647,-0.6739378566,-0.676327707,-0.6780173585,-0.6798900674,-0.6809532481,-0.6805226155,-0.681259318,-0.6816323831,-0.6819768842,-0.6816033225,,,,,,,,,,-0.6697675857,-0.6179043263,-0.6627496727,-0.64502909,-0.649350744,-0.6448534237,-0.6660527646,-0.6718772297,-0.6746532624,-0.6708344809,-0.6711092603,-0.6754472303,-0.6655364071,-0.6690019209,-0.6717303471,-0.6726333337,-0.6743563691,-0.6761292102,-0.6805138629,-0.6806109324,-0.6790155053,-0.6807802834,-0.6823190987,-0.6816658463
p010,-0.6951964013,1.359171465,-0.1165133542,-0.1206859964,0.9245421471,-0.4812480019,-1.038109271,-0.1554851109,5.500499207,1.17712808,0.8627017915,-1.120100872,-0.008024252304,-1.77799119,-0.3471349061,-1.776313522,-1.783123948,-1.299286004,-1.803378587,-1.722156929,-1.837813262,-0.8353498933,-1.817219222,-1.810831314,-1.864984206,-1.844790802,-1.464480456,1.834781979,-1.790286313,-1.361171023,-1.842679739,-1.836958776,-1.837503297,2.062541152,1.652465166,-0.7232075705,0.0755019211,0.1424668671,0.3555376154,0.1740833107,-1.38152641,,1.773202155,2.359743307,-1.429746738,-0.2855148824,-1.72096382,-1.645828864,-1.722081054,-1.228248539,-1.708622282,-1.757449684,-1.591144702,-1.748046775,-1.136466164,-0.897966375,-1.820363606,-1.805099319,-1.815868232,-1.817563462,-1.82866374,-1.736216598,-1.811475792,-1.795883308,-1.844811985,-1.765055504,1.7017993,-1.44420529,0.3754014252,-0.3278584386,0.231060694,-0.5707981663,-0.2108886975,-1.788848355,,1.67012124,1.396169346,-1.153432297,-0.4976198981,-1.795615281,-1.777063581,-1.763386209,-1.803964011,-1.800431298,-1.826907083,-1.629280609,-1.83732227,-1.770327364,-1.78874619,-1.844480838,-1.846522128,-1.288984257,-1.853600457,-1.778437466,-1.829595908,-1.250663072,-1.747190487,-1.810522039,-1.8281718,,,,,,,,,,2.661638687,0.9585781973,1.422903095,4.514392494,3.142911763,0.7435246199,2.126038129,2.757220296,3.496611159,0.2467676853,-0.1966635128,0.4163815537,1.215594738,0.5788515458,2.323236451,0.7481772658,-0.8678283179,-0.910288273,1.515269138,-0.3805281856,-0.6419343114,-1.011133437,3.464654198,0.8871312144
p011,0.5078644702,1.669426853,1.282432004,0.6139886887,0.1129255582,0.2600065993,-1.350256287,-0.1422228127,-1.363126034,3.573960233,-1.30112733,-1.28891583,-1.317377829,-1.327265799,-1.360893041,-1.363126034,-1.311817941,-1.323270618,-1.194813156,-1.091469127,-1.339713516,-1.286489975,0.5995003469,-1.305175035,-1.310192681,-1.328145054,-1.339931357,-1.246610428,-1.323046337,-1.337093347,-1.329536466,-1.333048575,-1.333627188,-0.160656728,0.8389894301,1.039778816,0.4394937358,-0.3814350992,-0.3734765974,-0.5074508636,-1.317370342,,5.657216332,-1.25071226,-1.189672428,-1.300428538,-1.288181107,-1.312653658,-1.321576155,-0.5204640221,-1.320667848,-1.224276321,-1.339158264,-1.343313747,1.992547478,-1.298662274,-1.041330959,-1.3267703,-1.331644597,-1.330548444,-1.311080377,-1.320941634,-1.334106948,-1.291537213,-1.322906565,-1.216979475,1.813896399,-0.3905575433,-1.108082877,-1.140766069,-0.6057311943,-1.279944459,-1.276913356,1.456061675,,-1.134762408,-1.254664691,-1.254771616,-0.2578546176,-1.248992866,-1.315029528,-1.28656194,-1.309764695,-1.334658705,-1.336765184,-1.33533337,-1.337039303,-1.19331195,-1.255011235,-1.302065844,-1.300490736,-1.331937725,-1.302952502,-0.9540531212,-1.314215383,-1.333223844,-1.020164109,-1.335439775,-1.343834968,,,,,,,,,,7.914979541,2.560073831,1.855541937,-1.321152646,1.174804215,-1.328666329,-0.5896760069,-1.327568017,-1.330188446,-1.339018861,-1.353706681,-1.350559983,0.4485934399,-1.268813294,-1.105835492,-1.289103688,-1.317578891,-1.335557058,0.561772227,-1.310164678,-1.330606342,0.464899446,-1.311973938,-1.342097534
p012,,,,,,,,,,,,,,,,,,,,,,,,,,,,,,,,,,,,,,,,,,,,,,,,,,,,,,,,,,,,,,,,,,,,,,,,,,,,,,,,,,,,,,,,,,,,,,,,,,,,,,,,,,,,,,,,,,,,,,,,,,,,,,,,,,,,
p013,1.12834007,1.74386995,1.087976251,0.8968017678,-0.77257873,-0.8063743071,-0.8077671145,-0.8151767722,-0.7316062248,-0.6775394576,-0.7728228694,-0.8267156035,-0.8251028559,-0.8336106707,-0.8428809698,-0.8475092335,-0.855058673,-0.8528528464,-0.8532195566,-0.8546317284,-0.8573380961,-0.8603715047,-0.8604521042,-0.8595732288,-0.8588305919,-0.8569408493,-0.8601313938,-0.82752354,-0.8546638241,-0.8469312884,-0.8554673953,-0.8555787826,-0.8601441067,0.9289332515,1.104473887,-0.2390818812,-0.03610821567,0.7096043974,-0.7754918426,-0.8076307964,-0.8072101965,,0.3737866038,-0.8225770959,-0.8286365811,-0.8399896829,-0.8383449869,-0.8402829903,-0.8509224252,-0.8474507623,-0.6856754243,-0.8538168315,-0.857499771,-0.8567996215,-0.857808741,-0.8580392815,-0.8578303775,-0.8467685179,-0.8582882269,-0.8601319652,-0.834849395,-0.8466064886,-0.8496943617,-0.8519304215,-0.857814033,-0.8617349771,2.352343862,0.6098624565,-0.7402762058,-0.7849326929,-0.7550019045,-0.808791196,-0.784827871,-0.8209561675,,0.2867813844,-0.7023579491,-0.819899119,-0.8245782846,-0.8472940295,-0.8446705513,-0.8525097129,-0.8500669728,-0.8541069952,-0.8517570591,-0.8569206563,-0.8550741374,-0.8597198735,-0.8580291727,-0.8598259324,-0.8379252883,-0.8585285505,-0.8618783828,-0.8387418386,-0.8469338438,-0.851867789,-0.8548230289,-0.8563186229,-0.8590837203,,,,,,,,,,-0.7080037782,0.8205847518,-0.8042112627,-0.7884535838,-0.7978954537,-0.8063091116,-0.8200374381,-0.8119118639,-0.8059205068,-0.8098181677,-0.8060738749,-0.8167676928,-0.8246937798,-0.8226418103,-0.8238902947,-0.8238731781,-0.8263631616,-0.8254526366,-0.7667385481,-0.7500871471,-0.768330543,-0.7648585846,-0.7637348426,-0.7720694836
p014,2.260219519,2.357790856,0.4691321939,-0.2509436286,0.2854946861,-0.642053908,-0.6202129721,-0.4906702425,1.66601451,1.499187519,1.383259401,-0.6126607555,-0.6437153761,-0.6389525512,-0.6937990617,-0.4600407743,-0.6931066745,0.256925027,-0.0217351258,-0.6846621425,-0.6883643178,-0.5878670396,-0.5432610552,-0.6417150619,-0.6362117134,-0.6499934377,-0.6304881699,-0.5297358164,-0.4445658597,-0.4409469606,-0.2960256854,-0.676158506,-0.6663030497,-0.5581785455,1.988271939,1.692897545,0.05106679069,-0.3656061185,-0.1766202311,-0.6013868645,-0.6394426115,,-0.6476364889,2.504166744,-0.6536763365,-0.6857688472,-0.6743919167,-0.6185438896,-0.6233807307,-0.6945438998,-0.6842922228,-0.6722602677,-0.6969726451,-0.6628274341,-0.5633864996,-0.5013157003,0.8268654947,-0.1424650734,-0.04723798534,-0.5393271067,0.5404400687,-0.3925533765,-0.596415406,-0.1764106204,-0.4018965111,-0.5944145807,-0.6637834823,-0.5911102716,-0.5709124806,-0.6329240853,-0.6083473306,-0.4505743943,-0.6316522879,-0.6104540744,,0.2394535864,-0.6635772775,-0.7015242,-0.674055489,1.172002792,-0.6847380892,-0.6520398434,-0.6587256896,-0.7094692171,0.0853929068,0.4758606394,-0.7395505885,-0.6571997779,2.312357739,-0.4852332425,-0.2520448492,-0.5860517958,-0.5698890636,-0.6750236966,-0.3487768842,1.503509751,-0.590758224,-0.6742401657,0.0898302778,,,,,,,,,,3.289721057,0.3508260391,-0.570392287,0.2571923241,0.2676940632,-0.686946913,-0.6948072175,-0.6884917178,-0.6899656649,-0.4717775996,-0.6838845695,-0.6373331089,-0.3789781175,-0.3200980951,7.15883424,-0.5464507237,-0.431872074,-0.6525886455,-0.5898883315,0.07239952592,-0.3790538947,-0.6572274977,-0.3308030479,-0.5938150185
p015,-0.6219171335,-1.107582064,-0.4816202248,-0.4208442539,0.2928823379,-0.4970880429,0.210650387,0.7737685991,-2.483517903,-2.543794532,-2.566155149,-2.566654514,-2.52686582,-2.540924011,-2.66053696,-2.522523659,-2.535254014,-2.566506245,-2.562041958,-2.521868093,-2.566212273,-2.422877403,-2.367085948,-2.091145046,-1.720975563,-1.992325755,-2.049053973,-2.182694585,-2.282748954,1.095279857,-1.847956888,-1.881814691,-1.391683429,-1.393143232,3.336008169,0.8236495381,0.4755832083,-0.6683427132,-0.6182205853,-0.2434828115,-0.3914075306,,-2.60220448,-2.565538877,-2.558303822,-2.514022748,-2.632898771,-2.51275222,-2.476918323,-2.540031928,-2.535837506,-2.579944545,-2.591913532,-2.5727975,-2.292630079,-2.142966348,-2.132733081,-2.37424311,-1.943810704,-1.992266025,-1.650748983,-2.006795876,-2.287310269,-1.970247494,-2.334826753,-1.987430793,-1.720044538,0.5886773368,-0.003694360792,-0.4029589487,0.1673832141,1.065185298,0.4715266909,0.3650316602,,-2.664911922,-2.575405765,-2.575852779,-2.570116193,-2.508413493,-2.462397118,-2.484133794,-2.498324625,-2.539331001,-2.542005785,-2.588810857,-2.551358671,-2.393906993,-2.173418702,-2.217916511,-2.136204319,-1.990402483,-2.198890077,-2.065661506,-2.0302095,3.715705251,-1.564769197,-1.388310693,50.4804047,,,,,,,,,,-2.361312835,-2.384481548,-2.377518276,-2.342276524,-2.324280501,-2.34508784,-2.226097567,-2.36063848,-2.34710054,-2.330861633,-2.37167773,-2.354222946,-2.226236565,-2.316599587,-2.024755954,-1.795559134,-1.423072858,-2.102134781,-2.782129551,-2.249641497,-2.601528858,0.01980828478,-2.302373032,13.02889662
p016,1.461092129,1.110354672,-0.6591862877,-0.1761910735,0.5568022563,-0.6216135414,-0.7422386894,-0.759554397,-0.7678065321,-0.7934401136,-0.7890099621,-0.792870952,-0.792128864,-0.7932877403,-0.7944173962,-0.792358116,-0.7910126135,-0.7951388732,-0.6875079003,-0.7853590688,-0.7942494607,-0.7912814158,-0.7927893509,-0.7961581782,-0.7980805529,-0.7965460941,-0.7273225717,-0.7924378984,-0.7968799856,-0.7926178245,-0.7923335018,-0.7758570088,-0.7753323658,-0.7250384551,1.726186816,0.7215301143,-0.6499428125,-0.07093376825,-0.7075949152,-0.6342541156,-0.7323803777,,-0.7889101162,-0.7882284755,-0.7929478737,-0.7914406638,-0.7896693654,-0.792930456,-0.7944943601,-0.79039817,-0.7940089761,-0.7803397961,-0.7922681658,-0.7945602567,-0.7889609751,-0.794279365,-0.6309141467,-0.7971073071,-0.7976957463,-0.7788476673,-0.7960233721,-0.7950679858,-0.7976866351,-0.7982644038,-0.779284747,-0.7823287638,2.95337535,0.6815670356,-0.2050146703,0.3617640249,-0.6703912752,-0.7358157645,-0.738486319,-0.7440359351,,-0.7969176981,-0.7883128175,-0.7927953329,-0.7921624267,-0.7913705083,-0.7932176794,-0.7932966677,-0.7916957206,-0.7936984825,-0.7801089271,-0.7885135816,-0.7950411769,-0.342132055,-0.7937017152,-0.7957384585,-0.7940740313,-0.7948913215,-0.7630829004,-0.7947594291,-0.7925272092,-0.797581177,-0.7981596154,-0.7874194502,-0.7812068138,,,,,,,,,,-0.7977236891,-0.7906685139,-0.7912461329,-0.7914825114,-0.792732299,-0.7926513078,-0.7927678817,-0.7904899043,-0.7927136193,-0.7737478626,-0.7893958449,-0.7934805007,-0.6313129283,-0.629186966,-0.7583831645,-0.6326579196,-0.6935455383,-0.677726168,-0.7895648414,-0.7937041455,-0.7957999456,-0.795385778,-0.7614950612,-0.7614474431
p017,1.967990362,0.9514169395,1.476692917,-0.9818690724,-0.1047405953,2.068763089,-0.4637346643,-1.034524142,-0.8498947634,6.448972782,-0.9984766735,-1.045716051,-0.8245234288,-0.9045992571,-0.8545912006,-0.9117670891,-0.9735038509,-0.9874505439,2.102514831,0.6084113361,-1.034862238,-0.9024256411,-0.3306596884,-0.7274648273,1.995968617,-0.4833205154,-0.7122900006,-0.8210269991,0.5754692322,-0.3798455326,-0.8473748015,3.251426915,1.28443948,0.6304635215,0.6985386407,0.2152598147,1.068413457,-0.3011101606,-0.4659326363,0.8670586512,-1.034878125,,5.014000593,-0.9479430392,-0.9590140403,0.129506246,1.213104099,-0.08240291579,-0.9659991258,-0.9308665572,0.9491635668,-1.065464512,-0.8384669511,5.213725684,-0.8294723003,-0.7851984233,-0.4247698536,-0.5317763832,-0.7686809601,0.1482560916,-0.6989712324,-0.8181763924,-1.044989354,4.065083507,-0.4526778854,0.7641199833,-0.1569593855,0.1668261318,-0.8749390713,-0.7944308764,-0.8827491256,-1.107696924,-0.8491105492,-1.058748198,,3.663460481,-0.9384786905,5.294769786,-0.8482222002,-1.016287464,2.733579041,-1.015876861,-1.066065906,-0.9797203539,0.7334344361,0.3015943324,1.804613244,-0.637767328,-0.5498723879,-0.8661399317,-0.6399078498,-0.9917973547,-0.8691543673,-0.6623277588,-0.03640229289,-0.8653452516,-0.7004272931,-0.8358898246,0.02730469376,,,,,,,,,,1.219198401,-0.9004031491,1.865056424,0.1992483084,-1.308761079,-1.199115989,-1.019392639,0.3816709354,-1.20071027,-0.9755266945,1.383418823,0.6003347199,-1.064351615,-0.7194520538,-0.8872148533,-0.7767075985,0.3661366525,-0.1491934781,-0.9023526357,-1.037066894,-0.7809406536,1.256738883,0.703816041,-0.5347273649
p018,-0.529098603,2.714977082,-0.4434895757,0.4124005678,-0.4437707336,-0.3901084303,0.1901587947,0.04054698618,-0.7529432049,-0.7218868417,-0.6947949794,-0.6840666368,-0.4769798161,-0.5834101667,-0.5898399929,-0.6751543934,-0.5303244435,-0.6874467047,-0.5772945991,-0.6936642192,-0.4202756197,-0.6663655192,-0.6922352311,-0.6362479099,-0.6823072238,-0.4618227789,-0.4999977387,-0.5407113601,-0.5941989501,-0.622587514,0.05814042055,-0.5398220159,-0.3839002697,-0.4780290235,1.176528194,-0.5461259769,-0.5844864748,3.127693618,-0.5757121724,0.4876731746,-0.4410597171,,-0.7180384312,-0.7123030635,-0.6891371671,-0.6475532159,-0.4952026102,-0.579537178,-0.6403731824,-0.6538820062,-0.6752266731,-0.6265871859,-0.664311636,-0.6322729116,-0.627966139,-0.5113312274,-0.4128757434,-0.6712689998,-0.6472864361,-0.6625470964,-0.09671539714,-0.145008511,-0.5228110851,-0.5865191936,-0.2766897015,-0.6019191828,-0.5469082359,-0.3411860489,-0.4075827862,-0.4563418054,-0.3326348314,-0.6013951902,-0.5445181007,-0.487530711,,-0.5576338664,-0.4324327473,-0.5805377726,-0.6677260783,-0.6715385574,-0.6316719379,-0.2341055251,-0.6771467575,-0.4789617016,-0.6421662994,-0.6858188573,-0.6918206887,-0.5320376389,-0.6887107614,-0.6796295601,-0.6617370745,-0.6133512284,-0.6315710913,-0.1457636633,-0.5791915363,-0.2807093312,-0.5434679222,-0.6103022673,-0.5194805492,,,,,,,,,,-0.6932262699,-0.4846700585,2.028496894,0.9597865331,1.109245044,-0.6917361224,1.946397657,-0.6837253452,1.123192104,-0.6531813205,-0.7091593783,0.7151165585,-0.1868210246,0.3223452007,-0.4424755175,2.910132578,-0.5002398456,-0.6463159577,-0.6034000178,5.030690294,-0.5486999878,3.250369219,-0.6169378595,-0.6970716803
p019,,,,,,,,,,,,,,,,,,,,,,,,,,,,,,,,,,,,,,,,,,,,,,,,,,,,,,,,,,,,,,,,,,,,,,,,,,,,,,,,,,,,,,,,,,,,,,,,,,,,,,,,,,,,,,,,,,,,,,,,,,,,,,,,,,,,
p020,1.221811515,1.963854076,-0.6815358533,-0.878455992,0.6721768518,-0.7105802814,1.584728825,-0.2074132324,12.32792812,7.099900565,1.389267494,2.420106981,3.682650712,-0.6661899717,2.731689493,2.095774856,1.056622055,-3.047114953,2.475575356,-2.705525606,-2.249309851,8.288933527,-2.653712126,-2.057437563,-2.409597129,-0.08155678896,0.8638207362,12.28922754,0.1481411355,-1.594586536,2.506142159,-1.685663075,-2.889639593,0.3511240909,0.441862521,-0.3271402852,-0.1697660894,0.5136518139,0.3396259041,1.083576598,-0.7623680334,,2.4116288,4.264738165,-1.030013229,-2.854681004,-0.5225927282,3.075264275,2.54349624,-2.448065578,-3.314660666,1.782346592,1.662181476,8.344795693,2.965468454,-2.917106196,2.261855551,-2.90306843,-0.7527734378,1.172701328,-0.6335339731,-0.4235975346,0.7920547322,-2.419161588,-3.095121142,-0.3276412312,1.183952999,-1.317673406,0.4678527785,-1.115658118,0.3144799036,-1.413754209,-0.8572338687,-1.697118508,,5.851726259,3.711373896,-2.060648804,0.6188105556,3.098928582,-1.22143704,-3.132958011,0.2554080043,-2.347323786,-1.515820587,5.646944874,-3.021150562,4.044180159,-2.55143761,-2.223086469,-2.670990692,-1.969567519,-1.917045332,-1.913671819,-2.365430389,0.4267117876,-2.736379562,-2.5111785,2.462825705,,,,,,,,,,13.95381957,15.93964424,13.18993334,16.89381526,17.54916039,17.06256555,17.85154179,16.69518294,18.70357831,18.73173536,11.1504179,17.50550484,18.45308582,14.3919493,17.11152206,14.25551907,16.27750375,12.43508533,13.06687175,15.65575641,13.97169108,7.401756979,10.81665132,5.472447652
p021,4.026248646,-0.1140215491,-0.2104937694,-0.1572259451,-0.4237488184,-0.39232459,-0.2452290828,-0.4223507388,-0.6273078311,-0.5598293232,-0.5623872053,-0.5237753873,-0.584052452,-0.6094019527,-0.617496049,-0.620377396,-0.6240922828,-0.6249733237,-0.6257989144,-0.6266316701,-0.6257454894,-0.5183770654,-0.6080692102,-0.6202132801,-0.6244741463,-0.6229852981,-0.6260211532,-0.6271399217,-0.6262443928,-0.6278197832,-0.627047755,-0.6277634868,-0.628191223,1.501951217,0.09444886423,-0.2655954433,-0.2810071869,-0.4025033287,-0.4368049893,-0.2791702718,-0.4416944579,,-0.565240936,-0.5373404621,-0.5408297992,-0.567782603,-0.6103376589,-0.6185835601,-0.6225180619,-0.6228182722,-0.623927216,-0.6247552367,-0.6261536756,-0.6262323896,-0.5880235995,-0.6125590664,-0.618179541,-0.6235717589,-0.6253708817,-0.6274043799,-0.6259681417,-0.6267078151,-0.6267594806,-0.6270764813,-0.6277832629,-0.6292610366,1.340631055,-0.4280585927,-0.3073546189,-0.3371220428,-0.2108756258,-0.5255480701,-0.5281452696,-0.5540053904,,-0.5585666545,-0.4421145929,-0.5417000658,-0.5956533445,-0.6044479121,-0.6129334325,-0.6221099454,-0.6250870457,-0.6251519738,-0.6255574666,-0.6258208554,-0.6260207451,-0.6012803666,-0.5968832435,-0.6217772562,-0.6254622509,-0.6239134834,-0.626885356,-0.6271121345,-0.6277666108,-0.6269602048,-0.6265310632,-0.62791962,-0.6273145571,,,,,,,,,,-0.5146351748,-0.4144084113,-0.4981796652,-0.4981875714,-0.5383334821,-0.5500613186,-0.5418456824,-0.5389819877,-0.5456047801,-0.5499136914,-0.548681914,-0.545652989,-0.5912697776,-0.6037661987,-0.6094609757,-0.6132908561,-0.6171888986,-0.6163842233,-0.6074837065,-0.6050832675,-0.6087499361,-0.6027775898,-0.6098147362,-0.6073221836
p022,-1.245404424,1.29593422,1.134701595,0.3367098676,-0.468797164,-0.6726157721,-0.1188669512,-0.8615077042,6.529472991,0.2082064411,-0.2398884063,-1.192172033,-1.233732153,-1.286611488,-0.7605730797,-0.6020976106,-1.290262543,-1.40128159,-1.255993908,-0.7375406244,-1.360177762,-1.232420235,-1.309089179,-1.298474463,-1.297853994,-1.348074908,-1.332323927,-1.354671191,-1.321631645,-1.345663684,-1.373793101,-1.340675167,-1.36001876,0.3503296289,0.5147587649,-0.07104885613,0.2775434844,2.562140548,-0.2092152273,-1.22378634,-0.2893635424,,4.47135279,-0.7708304655,-0.2024297353,2.483693708,-1.32756925,-1.337806878,-0.554911932,-1.329217437,-1.339139503,-1.247185124,-1.27456741,-1.316096407,-1.117882392,-1.318466388,-1.177114497,-1.238851035,-1.297424911,-1.355906072,-1.288344605,-1.353515194,-1.361854599,-1.375186866,-1.333206923,-1.373028782,0.353964435,2.048769672,-0.3458440886,-1.164815523,0.1347253931,-0.7800329953,-1.34514204,-0.2131369814,,5.465524477,-0.8549172229,-1.31442895,-1.15037039,-1.40128159,-0.0380663973,-1.40128159,-1.268199556,-1.35101486,-1.340546824,-1.336166551,-1.351992998,-0.6775526963,-1.287516543,-1.207340617,-1.32564758,-1.328237632,-1.360626817,-1.341572375,-1.361360645,-1.362407256,-1.372827047,-1.367168859,-1.294547725,,,,,,,,,,5.621156258,8.236771258,-1.304119268,6.4319119,2.573020843,-1.40128159,-0.9378448033,-1.209116275,-0.6212445822,-0.7132546013,-0.7210680673,-1.371781887,-1.307983205,-1.025720621,-1.33185842,-1.248047254,-1.347773764,-1.357108616,-1.326338373,-1.090556667,-1.364708809,-1.378617148,-1.372384678,-1.375084317
p023,0.8092102274,-0.5141131159,-0.5730902355,0.7054628562,-0.5921461653,-0.6020847738,-0.5661435202,-0.6366418748,-0.7231976846,-0.1663166801,-0.5842607213,-0.6110204989,-0.6559545011,-0.6529828046,-0.654205397,-0.6748857602,-0.6840645942,-0.6949604728,-0.7039586652,-0.70410846,-0.7087274406,-0.6128034746,-0.519012043,-0.676023963,-0.6815225871,-0.6965406457,-0.7032438687,-0.3794984022,-0.5006160687,-0.4270105947,-0.5952427736,-0.5656110112,-0.6650592849,-0.2722482253,-0.07652237962,1.301246051,1.042837098,0.3048884882,-0.5393967289,-0.6423034042,-0.6762001778,,-0.3944046258,-0.5882409685,-0.6412710356,-0.660841803,-0.6739639163,-0.6728275963,-0.6803844048,-0.6906725743,-0.6927095508,-0.6961699733,-0.7047615354,-0.7074813868,-0.335191585,-0.6632025302,-0.3092931931,-0.6906417124,-0.6906049652,-0.6948880446,-0.2534462398,-0.5448561315,-0.3608857462,-0.5892964298,-0.5868339926,-0.6649610905,3.450296937,-0.5064918571,-0.5131484671,-0.5085338238,-0.5780198507,-0.6255267247,-0.5871225279,1.395792195,,-0.5808787056,-0.6058337009,-0.6457335955,-0.6035959827,-0.4070922646,-0.6399585995,-0.6807280552,-0.6927912395,-0.6951968773,-0.697442172,-0.7054680588,-0.7059546651,-0.6054184891,-0.6650894017,-0.6606911527,-0.6977540147,-0.6734823373,-0.6985355395,-0.3903572183,-0.436016495,-0.5189813432,-0.5704445271,-0.6018039644,-0.6206069954,,,,,,,,,,-0.5258507997,-0.4526337706,-0.6492450287,-0.6288461007,-0.6527262926,-0.6704000901,-0.6813270922,-0.6813245962,-0.6926590804,-0.6935375063,-0.6844857198,-0.7033528389,-0.6131669157,-0.6647472172,-0.6780390742,-0.6851725524,-0.6892716761,-0.6982254341,-0.3914376468,-0.4836956997,-0.5446996626,-0.5672246661,-0.5628703998,-0.6079437108
p024,-0.5103190579,-0.1404720776,1.022228174,-0.5909776717,1.973316586,-0.4859626915,3.515914748,0.2728075309,4.809667945,5.453985912,-0.3037770281,-0.4968476442,-0.6033342343,-0.5806290981,-0.6215647052,-0.6364740033,-0.6382011596,-0.6425122024,-0.6346203044,-0.6397970031,-0.1159274025,2.091769891,-0.6089898077,-0.6242054852,-0.6200336772,-0.6360434967,-0.6397546218,-0.6362237626,-0.6369791602,-0.6407551112,-0.6437162443,-0.6455367048,-0.6456695411,0.5792776681,0.7883910052,-0.5423227807,-0.5678719462,-0.5416765999,-0.5038943728,-0.5370928017,-0.5357871074,,2.275361256,1.689050053,-0.5099296478,-0.6256183054,-0.6006164333,-0.6259450487,-0.634654004,-0.6409717569,-0.6426553137,-0.5215861452,-0.5641487266,-0.6352463394,-0.6334533157,-0.6271465265,-0.6235110875,-0.601910528,0.1598979218,-0.6392695494,-0.5069707719,-0.6380327916,-0.6395668851,-0.643144526,-0.6447465366,-0.6466242396,0.4183772552,-0.5224635655,-0.4850890207,-0.5800436807,-0.4072016028,-0.5063324073,-0.5270785685,-0.585727014,,2.905131344,1.335895937,-0.4384019392,-0.3466746085,-0.6169103889,-0.6272658478,-0.6333498541,-0.6419318843,-0.628962411,-0.5521117773,-0.6346371546,-0.6415667393,-0.6222325533,-0.6183803381,-0.6326671382,-0.6404286325,-0.6251842185,-0.6395729075,-0.613180353,-0.6349471857,-0.6426669055,-0.6439255597,-0.6450628698,-0.6457654518,,,,,,,,,,9.612786376,8.482576425,-0.3315026045,-0.5865818418,-0.601627772,-0.6233032638,-0.6270945934,-0.6310601126,-0.6323280508,-0.6334218945,-0.6299666127,-0.6171231129,-0.2755067541,-0.6020146466,-0.6169674914,-0.6173812321,-0.6185765987,-0.6210095517,-0.6271743949,-0.6415684483,-0.6377714697,-0.6416894523,-0.640616635,-0.6437184323
p025,,,,,,,,,,,,,,,,,,,,,,,,,,,,,,,,,,,,,,,,,,,,,,,,,,,,,,,,,,,,,,,,,,,,,,,,,,,,,,,,,,,,,,,,,,,,,,,,,,,,,,,,,,,,,,,,,,,,,,,,,,,,,,,,,,,,
p026,,,,,,,,,,,,,,,,,,,,,,,,,,,,,,,,,,,,,,,,,,,,,,,,,,,,,,,,,,,,,,,,,,,,,,,,,,,,,,,,,,,,,,,,,,,,,,,,,,,,,,,,,,,,,,,,,,,,,,,,,,,,,,,,,,,,
p027,3.341920599,0.9121824817,-0.2121336323,-0.4254941744,-0.2803843461,-0.5721444186,-0.5721444186,-0.5721444186,-0.5721444186,5.220654971,0.8631620245,-0.4517097778,-0.4616987033,0.9331870807,-0.5015679437,-0.4348453743,-0.3861968134,-0.4676497717,-0.3395517769,-0.3549854368,-0.492104617,-0.3992138504,-0.1013651141,-0.4945127931,-0.3091469245,-0.4171260612,-0.4799678104,-0.3555598161,-0.1204358422,-0.3189852811,-0.3302833986,-0.2769782505,8.468906069,2.099424319,1.242136607,-0.412965075,-0.5721444186,-0.459995068,-0.5721444186,-0.543232717,-0.5721444186,,2.29833792,-0.3564525479,-0.3418955092,-0.5721444186,-0.4763295812,-0.4861417622,-0.4759280498,-0.4404381193,-0.494379723,-0.4270919526,-0.3941665571,-0.507644511,-0.4083211969,0.3771311616,-0.5101641878,2.643437929,-0.378790087,-0.4575186711,-0.3237454637,-0.2120016188,0.4339549251,-0.1721612748,-0.342030415,0.01710357016,0.4982146031,0.5884787441,-0.5721444186,-0.3501393858,-0.5721444186,-0.2765687696,-0.5721444186,-0.5721444186,,0.3385558003,1.161410461,-0.3450854265,-0.4701296186,-0.3991484249,0.8267055201,3.283749731,-0.4528427401,1.950160578,-0.2890293854,-0.4590170439,-0.2193209453,-0.4740659132,0.811391658,-0.5389400202,-0.4782824544,-0.4837952261,2.610475315,-0.3034239434,0.3221453304,-0.1590276013,4.84115482,-0.3976116664,1.885230019,,,,,,,,,,3.903756355,-0.2695280262,-0.4611013033,-0.1827276875,-0.4737289976,-0.1093435351,0.6779103193,-0.4781317298,3.488091029,-0.01152977698,-0.5118807559,-0.4890084253,-0.4267694862,0.5526705074,-0.4858311407,-0.5020488606,-0.3235917937,-0.2134359235,0.1422039407,0.934186107,7.267068454,0.8878569172,0.2401591373,-0.5320692093
p028,0.7237397133,-0.3567114614,-0.4503609797,-0.3537247193,-0.3716398451,-0.5678709893,-0.4660318851,-0.4084002306,4.592973179,-0.5666961693,-0.4661540747,-0.5438269533,-0.5576178614,-0.5926105736,-0.5710264541,-0.5870049627,-0.5942528636,-0.5909463587,-0.6007100125,-0.60759323,-0.6082529725,-0.5536878395,-0.5546499427,-0.4947610437,-0.5451046875,-0.3460495239,-0.5751098343,-0.1269924378,-0.5783612246,-0.5585182113,-0.5921764852,-0.5883641881,-0.5969883515,0.4892455941,2.02731587,1.673064003,-0.338476009,-0.5481954043,-0.4173943885,-0.4241602584,-0.4339509633,,-0.5272098582,-0.5379819064,-0.5757737482,-0.5290792208,-0.594319096,-0.5823950416,-0.5837065796,-0.5918793556,-0.5957782649,-0.6021408465,-0.6012991618,-0.608949675,-0.4864858633,-0.5384812713,-0.534869105,-0.5113219056,-0.5830815126,-0.5748732666,-0.5334678388,-0.4381628831,-0.5838777242,-0.6045898991,-0.5923433779,-0.5895430569,3.401320286,-0.254297261,-0.4235461699,-0.4495855831,-0.5115305765,-0.5065974142,-0.4702806772,-0.5619306496,,-0.5567505759,-0.530092553,-0.5698870595,-0.4695822172,-0.5738951758,-0.5495148873,-0.5955506263,-0.4789027393,-0.6017954968,-0.5978843398,-0.592992094,-0.6019809406,-0.5408440096,-0.6065896015,-0.5834951478,2.658328145,-0.5688546527,-0.3575670672,-0.5512459876,-0.5844220477,-0.5726345298,-0.5991657796,-0.5966354508,-0.1736040387,,,,,,,,,,-0.5183572438,-0.5205166804,-0.5725175698,-0.5656794668,-0.5712679255,-0.5827241077,-0.5801809687,-0.5842654556,-0.5882874214,-0.5889242184,-0.5966643505,-0.6019931946,-0.535515464,-0.5638759462,-0.3709336926,-0.5730099861,-0.5554213423,-0.5813536279,-0.5690860182,-0.5603528976,-0.5865736503,-0.5812357665,-0.5778567562,-0.5935854049
p029,0.4012486308,1.919850259,1.280544568,0.4510948282,-0.9525832975,-0.05598894842,-1.217513959,0.09221059285,2.828930448,4.735215433,-1.169712849,1.352291308,0.4214951123,-1.323141563,0.8858576458,-0.973194874,2.016762741,-1.015321058,-1.252360526,-1.22965571,-0.7865942298,-1.234108674,-0.9075044763,-1.349818295,-1.312161881,-1.330281987,-1.308138093,-1.332567136,-1.325392586,-1.296858095,-1.301420682,-1.402624275,-0.9421391836,0.6090405322,0.4628088755,-0.3261298357,0.9423409745,0.2338611131,2.044051288,-0.943766424,-1.301273897,,-0.5123249389,3.39126786,-0.9996073089,-1.392699172,1.289175539,0.800870318,-1.034236617,-1.348044181,0.2268494477,-0.2635312927,1.575910819,-1.372354565,-1.364405558,-1.302125599,-1.297067454,-1.042906859,0.5711258216,-0.1682231388,-0.8048351527,-1.343595822,-1.220065676,-1.058530434,-1.374270388,-1.355382822,0.5676304733,0.6029267648,0.1756390153,-1.03521854,-0.2032901612,-1.229458024,-1.278959443,-1.239065386,,4.087032683,-0.6741752162,-1.209493662,-1.144654738,-0.7566608159,0.7525298202,-1.35579532,-1.117656644,-1.266421559,-1.365167763,-1.0618499,-1.181886514,-1.180160191,-1.413240401,-1.319420919,-1.108580842,-1.270109374,-1.147016347,-1.360637742,-1.286634003,-1.227880758,-1.258573681,1.897964558,-1.337462619,,,,,,,,,,0.5740873439,5.892580112,-1.221096637,0.07130314959,1.546163135,2.507456428,-1.179467612,0.0173475496,-1.33847622,-0.5708730221,-0.9478523424,-1.350887989,-1.080626781,-0.9077279702,0.9787241409,-1.292157316,-1.066815488,-1.289187259,-1.330178105,-1.35355088,-1.086714629,-1.408437639,-1.196997506,-1.284684648
p030,1.047458171,0.1393015129,-0.4520771023,0.9323279824,0.117836483,-1.24754083,-1.069415409,0.5996567666,0.9232634359,-1.016950271,-1.064041838,-1.380519639,-0.5656063732,-1.389910232,-1.3667715,-1.394245629,-1.081394758,-1.22988156,-1.289152435,-1.088965216,-1.394293319,-1.196976472,-1.295992263,-1.303487265,-1.393301297,-1.350106259,-1.175926996,-0.3707550593,-1.386063251,-1.317585606,-1.398803809,-1.410371514,-1.24158926,1.829295481,0.3741968558,1.3342833,-1.267629115,-1.355118486,1.155250445,0.8713267939,-1.208833518,,1.904582722,-0.5649173993,-1.329616467,-1.128456104,-1.352722799,-1.230468418,-1.422737546,-1.02538239,-1.18039472,-0.8592440578,-1.270888077,-0.4234034467,-1.059027231,-1.381353976,-1.392940619,-1.368242583,-0.861354972,-0.9697804893,-1.31688612,-1.386006701,-1.382929224,-1.091374159,-1.317195222,-1.399467771,0.3882016448,0.6183792013,0.264561013,-0.8355853928,-1.31089354,-0.1511453869,0.6449171853,-1.418754056,,-1.152015354,-1.143877379,-1.285229859,-0.4131530413,-1.389910471,-0.927886362,-1.352300909,-1.352020156,-1.359585219,0.3439495569,-1.358987584,-1.309790409,-0.3772564732,-1.370297492,-1.39052455,-1.368272297,-1.347555138,-1.240388757,-1.367163847,-1.357710155,-1.385608411,-1.240918696,-1.397910191,-1.404115188,,,,,,,,,,0.4141838419,0.3508577382,0.1022830034,-0.6844307311,-0.8197465729,0.03454977862,-1.285020165,0.7094248373,0.11870412,-1.309688411,-1.38195954,-0.8768632645,0.1584510598,-0.437226332,-0.3817123752,-1.394550895,-0.5637710028,0.1900097054,-0.5671644265,-1.028387791,-1.04484167,-1.219733886,-0.610749289,-0.9301084515